datetime,open,high,low,close,volume
04-03-2026 09:15,24388.8,24476.95,24334.85,24385.1,54066074.0
04-03-2026 09:20,24387.9,24392.05,24339.55,24341.15,20800720.0
04-03-2026 09:25,24340.55,24374.45,24315.45,24342.85,17493739.0
04-03-2026 09:30,24344.75,24366.5,24326.0,24332.35,14478561.0
04-03-2026 09:35,24334.95,24362.05,24317.15,24346.85,12296340.0
04-03-2026 09:40,24348.6,24412.0,24345.2,24408.75,9599067.0
04-03-2026 09:45,24410.95,24416.2,24353.8,24365.25,11547464.0
04-03-2026 09:50,24365.75,24372.0,24349.8,24359.1,7393022.0
04-03-2026 09:55,24359.2,24360.35,24323.6,24325.9,7316304.0
04-03-2026 10:00,24325.8,24346.1,24305.4,24332.85,7766767.0
04-03-2026 10:05,24335.05,24371.8,24329.7,24367.95,5874060.0
04-03-2026 10:10,24368.85,24414.8,24351.05,24413.65,7299125.0
04-03-2026 10:15,24413.65,24417.55,24384.3,24387.0,6520646.0
04-03-2026 10:20,24387.75,24425.0,24382.6,24399.35,6641022.0
04-03-2026 10:25,24399.6,24437.35,24394.65,24419.05,5208510.0
04-03-2026 10:30,24420.0,24420.7,24394.15,24398.85,5009333.0
04-03-2026 10:35,24398.95,24409.3,24382.0,24390.1,4594864.0
04-03-2026 10:40,24391.55,24392.35,24379.95,24390.75,5161374.0
04-03-2026 10:45,24391.65,24422.4,24390.45,24400.3,6652411.0
04-03-2026 10:50,24401.7,24402.0,24382.8,24398.0,5965541.0
04-03-2026 10:55,24398.8,24399.85,24375.7,24391.45,8070554.0
04-03-2026 11:00,24392.45,24427.8,24388.6,24420.7,7012141.0
04-03-2026 11:05,24421.15,24453.4,24413.2,24450.9,5867514.0
04-03-2026 11:10,24451.65,24461.4,24433.85,24435.45,5810340.0
04-03-2026 11:15,24436.15,24438.9,24409.05,24412.05,6216547.0
04-03-2026 11:20,24412.15,24422.9,24390.35,24393.3,6218718.0
04-03-2026 11:25,24393.45,24397.55,24363.0,24365.55,5897068.0
04-03-2026 11:30,24366.95,24378.5,24354.15,24364.7,8364937.0
04-03-2026 11:35,24365.75,24383.35,24362.6,24367.25,4946313.0
04-03-2026 11:40,24367.05,24382.3,24360.8,24362.2,4702099.0
04-03-2026 11:45,24364.05,24372.55,24354.3,24367.85,4667659.0
04-03-2026 11:50,24369.05,24401.05,24367.0,24369.4,4125764.0
04-03-2026 11:55,24370.15,24380.4,24367.85,24374.5,4493853.0
04-03-2026 12:00,24376.85,24391.5,24376.35,24389.1,3638503.0
04-03-2026 12:05,24389.8,24395.65,24378.2,24393.4,4306841.0
04-03-2026 12:10,24394.85,24402.3,24378.45,24379.85,4548324.0
04-03-2026 12:15,24381.15,24383.8,24366.55,24369.0,4597938.0
04-03-2026 12:20,24371.35,24385.6,24369.55,24375.8,3902538.0
04-03-2026 12:25,24376.65,24384.95,24362.25,24368.3,4683080.0
04-03-2026 12:30,24368.95,24381.6,24368.95,24375.05,3702746.0
04-03-2026 12:35,24375.55,24387.5,24370.95,24377.95,3899194.0
04-03-2026 12:40,24378.5,24383.3,24357.75,24382.55,4763302.0
04-03-2026 12:45,24383.35,24396.2,24379.95,24385.85,4195865.0
04-03-2026 12:50,24386.55,24397.9,24384.2,24394.15,4015542.0
04-03-2026 12:55,24394.8,24428.1,24393.45,24416.8,4098247.0
04-03-2026 13:00,24418.0,24431.95,24414.75,24422.15,4201515.0
04-03-2026 13:05,24423.15,24438.35,24414.5,24438.15,3853805.0
04-03-2026 13:10,24438.95,24461.0,24433.0,24461.0,4939828.0
04-03-2026 13:15,24461.45,24465.75,24436.3,24441.45,4328751.0
04-03-2026 13:20,24442.15,24460.2,24432.3,24459.55,4640447.0
04-03-2026 13:25,24459.55,24477.45,24449.75,24451.6,4919091.0
04-03-2026 13:30,24451.25,24466.35,24435.1,24435.65,5943251.0
04-03-2026 13:35,24436.05,24448.1,24418.15,24447.0,5775098.0
04-03-2026 13:40,24448.05,24462.65,24440.25,24462.6,4363625.0
04-03-2026 13:45,24463.5,24469.85,24438.7,24441.95,5118170.0
04-03-2026 13:50,24442.6,24445.3,24426.9,24428.55,4230149.0
04-03-2026 13:55,24428.7,24438.4,24415.75,24437.0,6483177.0
04-03-2026 14:00,24437.9,24453.9,24437.55,24451.1,4295476.0
04-03-2026 14:05,24451.2,24496.6,24440.2,24494.6,7029586.0
04-03-2026 14:10,24495.55,24556.95,24483.3,24554.95,7945207.0
04-03-2026 14:15,24555.35,24574.65,24541.3,24567.85,7930128.0
04-03-2026 14:20,24568.35,24568.85,24533.95,24535.0,7996134.0
04-03-2026 14:25,24536.55,24541.3,24513.85,24522.5,7556347.0
04-03-2026 14:30,24523.1,24553.5,24502.6,24534.25,7140432.0
04-03-2026 14:35,24534.85,24543.5,24520.6,24537.85,6893749.0
04-03-2026 14:40,24540.35,24584.15,24539.25,24578.75,5992997.0
04-03-2026 14:45,24579.1,24600.15,24548.0,24581.2,6618570.0
04-03-2026 14:50,24584.85,24594.05,24570.7,24585.55,7531146.0
04-03-2026 14:55,24586.35,24602.45,24571.75,24582.95,6261951.0
04-03-2026 15:00,24582.95,24584.45,24506.2,24509.0,15554118.0
04-03-2026 15:05,24508.65,24518.45,24471.05,24472.2,14602657.0
04-03-2026 15:10,24471.15,24474.45,24457.45,24465.95,15054836.0
04-03-2026 15:15,24464.85,24473.55,24451.05,24456.9,14892428.0
04-03-2026 15:20,24457.1,24473.0,24453.65,24470.45,17540232.0
04-03-2026 15:25,24468.4,24482.15,24457.9,24473.95,14773014.0
05-03-2026 09:15,24615.95,24651.95,24549.1,24584.85,20381250.0
05-03-2026 09:20,24586.8,24609.5,24557.25,24607.2,10587079.0
05-03-2026 09:25,24608.3,24610.95,24558.85,24568.45,8929728.0
05-03-2026 09:30,24570.6,24586.3,24550.1,24564.5,9274923.0
05-03-2026 09:35,24566.3,24569.85,24533.35,24534.25,9068203.0
05-03-2026 09:40,24533.3,24599.6,24530.05,24596.2,6859020.0
05-03-2026 09:45,24596.3,24616.55,24583.75,24604.95,6994112.0
05-03-2026 09:50,24604.55,24651.15,24603.2,24648.9,5110708.0
05-03-2026 09:55,24648.85,24656.7,24626.9,24628.5,5777925.0
05-03-2026 10:00,24628.25,24649.0,24623.15,24623.25,5308287.0
05-03-2026 10:05,24622.4,24647.9,24622.4,24628.6,5233529.0
05-03-2026 10:10,24629.45,24630.25,24595.15,24596.25,5726115.0
05-03-2026 10:15,24597.05,24608.65,24594.4,24596.0,5439475.0
05-03-2026 10:20,24594.3,24598.2,24574.4,24581.45,6560409.0
05-03-2026 10:25,24582.6,24584.6,24538.55,24564.55,7358295.0
05-03-2026 10:30,24563.7,24572.05,24550.3,24559.6,6261472.0
05-03-2026 10:35,24559.95,24629.55,24559.7,24627.7,5973533.0
05-03-2026 10:40,24627.85,24653.95,24625.85,24650.95,5531161.0
05-03-2026 10:45,24651.05,24660.25,24639.8,24641.55,4367864.0
05-03-2026 10:50,24639.95,24645.75,24629.25,24644.25,4155296.0
05-03-2026 10:55,24646.25,24672.4,24645.75,24666.55,4695296.0
05-03-2026 11:00,24667.2,24672.8,24639.05,24648.1,5372153.0
05-03-2026 11:05,24649.15,24667.7,24645.65,24655.15,5980825.0
05-03-2026 11:10,24656.4,24657.4,24643.2,24643.2,7167203.0
05-03-2026 11:15,24639.85,24662.95,24636.05,24655.9,5118089.0
05-03-2026 11:20,24657.65,24658.1,24626.1,24634.65,4879984.0
05-03-2026 11:25,24635.1,24639.95,24607.7,24612.9,4933421.0
05-03-2026 11:30,24613.65,24638.3,24611.75,24624.95,4463822.0
05-03-2026 11:35,24624.8,24625.6,24593.7,24603.4,6277327.0
05-03-2026 11:40,24603.95,24605.85,24588.55,24590.35,4646556.0
05-03-2026 11:45,24590.75,24593.15,24567.75,24569.7,5606005.0
05-03-2026 11:50,24569.2,24594.6,24556.9,24594.6,5504802.0
05-03-2026 11:55,24594.85,24597.55,24560.35,24579.1,4843199.0
05-03-2026 12:00,24580.2,24596.05,24578.05,24590.15,4830087.0
05-03-2026 12:05,24590.8,24595.8,24574.45,24588.25,7741251.0
05-03-2026 12:10,24587.15,24616.3,24584.85,24615.5,4678180.0
05-03-2026 12:15,24615.65,24616.2,24592.9,24602.35,4051802.0
05-03-2026 12:20,24603.2,24635.65,24602.4,24619.15,4458607.0
05-03-2026 12:25,24619.2,24651.75,24611.6,24648.85,6037108.0
05-03-2026 12:30,24649.15,24665.95,24647.0,24650.3,4674720.0
05-03-2026 12:35,24650.65,24654.2,24632.65,24652.7,4965598.0
05-03-2026 12:40,24653.15,24657.6,24641.25,24645.8,3782168.0
05-03-2026 12:45,24645.8,24646.5,24619.4,24631.45,3851949.0
05-03-2026 12:50,24632.1,24654.35,24626.8,24652.65,3115848.0
05-03-2026 12:55,24653.15,24657.6,24643.7,24653.45,3231715.0
05-03-2026 13:00,24653.95,24660.85,24633.15,24633.3,3738467.0
05-03-2026 13:05,24633.15,24647.15,24632.55,24644.1,4834920.0
05-03-2026 13:10,24644.7,24656.6,24632.9,24639.65,3953519.0
05-03-2026 13:15,24640.7,24646.25,24627.0,24631.05,3883870.0
05-03-2026 13:20,24631.2,24645.55,24621.75,24638.2,3412568.0
05-03-2026 13:25,24638.65,24651.35,24629.05,24651.0,3445251.0
05-03-2026 13:30,24651.55,24671.3,24628.25,24639.2,5027054.0
05-03-2026 13:35,24639.6,24642.45,24605.8,24614.05,3887924.0
05-03-2026 13:40,24614.7,24629.95,24606.25,24619.8,3736701.0
05-03-2026 13:45,24619.85,24635.1,24615.3,24615.4,3376556.0
05-03-2026 13:50,24616.1,24618.5,24588.05,24592.6,3925798.0
05-03-2026 13:55,24593.95,24594.75,24569.75,24573.7,4712810.0
05-03-2026 14:00,24572.5,24586.1,24564.8,24578.2,5621929.0
05-03-2026 14:05,24578.65,24581.1,24552.9,24552.9,4389746.0
05-03-2026 14:10,24553.3,24563.2,24547.35,24553.75,4274818.0
05-03-2026 14:15,24554.15,24567.65,24529.4,24531.95,6660331.0
05-03-2026 14:20,24531.25,24600.0,24529.65,24590.95,8199429.0
05-03-2026 14:25,24591.1,24617.4,24576.9,24611.25,5585436.0
05-03-2026 14:30,24611.5,24612.75,24576.45,24582.5,5086720.0
05-03-2026 14:35,24583.6,24675.05,24580.15,24672.5,8322829.0
05-03-2026 14:40,24672.45,24761.15,24669.8,24726.8,11809980.0
05-03-2026 14:45,24727.05,24762.8,24712.75,24758.4,10189010.0
05-03-2026 14:50,24757.05,24853.75,24753.7,24846.55,13540136.0
05-03-2026 14:55,24846.25,24854.2,24799.85,24848.95,11491726.0
05-03-2026 15:00,24849.2,24853.25,24768.05,24790.7,20474583.0
05-03-2026 15:05,24789.4,24796.45,24765.6,24774.3,13725709.0
05-03-2026 15:10,24772.65,24784.7,24714.1,24714.8,14289176.0
05-03-2026 15:15,24716.0,24759.4,24713.75,24716.85,12731954.0
05-03-2026 15:20,24717.2,24730.65,24706.05,24719.05,14920509.0
05-03-2026 15:25,24719.85,24748.45,24715.9,24737.45,12355661.0
05-03-2026 15:30,24737.45,24737.45,24737.45,24737.45,1396085.0
06-03-2026 09:15,24656.4,24700.9,24590.75,24594.4,23108278.0
06-03-2026 09:20,24594.9,24652.75,24587.15,24647.6,13034769.0
06-03-2026 09:25,24647.45,24683.0,24644.2,24681.2,9693824.0
06-03-2026 09:30,24681.5,24681.5,24649.3,24650.45,9386612.0
06-03-2026 09:35,24650.35,24676.55,24639.8,24648.4,7033551.0
06-03-2026 09:40,24647.8,24680.8,24641.25,24678.85,5569816.0
06-03-2026 09:45,24678.35,24688.1,24655.75,24657.9,6903474.0
06-03-2026 09:50,24658.2,24666.25,24638.95,24643.85,6894536.0
06-03-2026 09:55,24643.3,24643.6,24618.85,24625.15,5488876.0
06-03-2026 10:00,24624.3,24647.5,24616.95,24635.0,4835667.0
06-03-2026 10:05,24634.65,24661.1,24622.8,24653.6,3679617.0
06-03-2026 10:10,24654.0,24657.85,24648.95,24653.35,3749539.0
06-03-2026 10:15,24652.35,24675.45,24651.1,24673.5,4210367.0
06-03-2026 10:20,24674.15,24674.35,24658.75,24669.1,4245624.0
06-03-2026 10:25,24669.2,24675.65,24647.4,24651.75,4881289.0
06-03-2026 10:30,24652.35,24652.7,24618.85,24619.1,5686082.0
06-03-2026 10:35,24618.6,24630.55,24608.75,24621.6,5047181.0
06-03-2026 10:40,24620.95,24629.1,24613.3,24620.15,3668684.0
06-03-2026 10:45,24620.8,24622.3,24585.05,24586.5,6468914.0
06-03-2026 10:50,24587.2,24621.05,24575.15,24596.7,4018681.0
06-03-2026 10:55,24596.7,24598.1,24584.2,24594.65,3228056.0
06-03-2026 11:00,24594.9,24636.85,24594.9,24635.7,4937181.0
06-03-2026 11:05,24636.55,24648.7,24626.3,24635.95,3878780.0
06-03-2026 11:10,24636.1,24637.55,24615.1,24617.6,2853701.0
06-03-2026 11:15,24617.4,24621.4,24599.7,24606.35,3708773.0
06-03-2026 11:20,24606.6,24619.6,24600.15,24600.15,3448230.0
06-03-2026 11:25,24600.2,24607.55,24593.9,24607.25,3611532.0
06-03-2026 11:30,24607.75,24620.85,24602.55,24620.45,3497987.0
06-03-2026 11:35,24620.75,24635.65,24618.35,24635.55,3697619.0
06-03-2026 11:40,24634.85,24654.55,24615.8,24616.4,4831129.0
06-03-2026 11:45,24616.5,24634.0,24611.7,24632.45,4411023.0
06-03-2026 11:50,24632.4,24634.9,24613.9,24619.85,3895867.0
06-03-2026 11:55,24619.3,24630.2,24611.95,24625.7,4988932.0
06-03-2026 12:00,24625.85,24627.55,24608.95,24609.65,2859086.0
06-03-2026 12:05,24610.1,24629.55,24606.2,24626.5,4455784.0
06-03-2026 12:10,24626.8,24631.45,24605.45,24608.85,5555722.0
06-03-2026 12:15,24608.6,24623.35,24603.95,24610.0,3805220.0
06-03-2026 12:20,24610.6,24612.75,24600.1,24608.85,3170025.0
06-03-2026 12:25,24609.7,24609.7,24576.05,24578.3,4467099.0
06-03-2026 12:30,24578.25,24598.0,24578.25,24595.05,3663862.0
06-03-2026 12:35,24594.85,24597.9,24584.95,24586.15,2727405.0
06-03-2026 12:40,24586.05,24602.0,24586.05,24599.85,3462846.0
06-03-2026 12:45,24599.8,24603.3,24583.8,24595.5,3320328.0
06-03-2026 12:50,24596.0,24611.25,24595.4,24596.95,4342475.0
06-03-2026 12:55,24597.2,24607.45,24592.15,24603.7,3940489.0
06-03-2026 13:00,24603.6,24614.25,24591.9,24600.1,4551202.0
06-03-2026 13:05,24600.75,24610.05,24593.6,24595.1,3030841.0
06-03-2026 13:10,24595.45,24603.6,24594.25,24602.65,3052374.0
06-03-2026 13:15,24602.05,24606.7,24593.25,24597.8,4889640.0
06-03-2026 13:20,24597.85,24614.85,24593.6,24607.15,4618741.0
06-03-2026 13:25,24605.85,24613.15,24602.75,24609.65,4031684.0
06-03-2026 13:30,24609.0,24610.65,24576.9,24584.2,3478699.0
06-03-2026 13:35,24584.0,24623.5,24571.55,24600.4,5259992.0
06-03-2026 13:40,24600.45,24608.05,24592.2,24594.95,3144288.0
06-03-2026 13:45,24596.6,24596.6,24572.4,24581.85,4867564.0
06-03-2026 13:50,24580.95,24596.5,24569.45,24575.15,4404711.0
06-03-2026 13:55,24574.25,24574.6,24552.95,24554.9,4597240.0
06-03-2026 14:00,24555.7,24581.95,24543.2,24567.05,4808420.0
06-03-2026 14:05,24566.45,24585.0,24564.55,24584.9,4750721.0
06-03-2026 14:10,24584.1,24605.7,24584.1,24585.75,5204114.0
06-03-2026 14:15,24587.2,24615.9,24585.45,24609.25,6341422.0
06-03-2026 14:20,24610.05,24612.55,24603.1,24611.7,4174723.0
06-03-2026 14:25,24612.45,24616.45,24592.3,24593.0,5365144.0
06-03-2026 14:30,24593.45,24602.3,24581.3,24583.1,3979448.0
06-03-2026 14:35,24583.8,24592.45,24567.75,24568.9,6075385.0
06-03-2026 14:40,24569.2,24569.2,24534.1,24543.45,5510278.0
06-03-2026 14:45,24543.5,24559.75,24445.35,24488.8,10691719.0
06-03-2026 14:50,24488.4,24534.8,24484.7,24512.75,5341544.0
06-03-2026 14:55,24512.15,24515.35,24481.6,24482.55,5519006.0
06-03-2026 15:00,24481.8,24492.8,24459.45,24461.75,11214320.0
06-03-2026 15:05,24460.95,24465.35,24445.3,24460.05,10685041.0
06-03-2026 15:10,24460.15,24464.1,24431.3,24441.65,11986446.0
06-03-2026 15:15,24441.1,24443.85,24415.75,24434.9,15648616.0
06-03-2026 15:20,24434.0,24454.25,24434.0,24446.8,14893606.0
06-03-2026 15:25,24447.25,24474.4,24443.15,24469.4,12368234.0
06-03-2026 15:30,24469.1,24469.1,24469.1,24469.1,1483737.0
09-03-2026 09:15,23868.05,23959.7,23743.45,23774.35,47251169.0
09-03-2026 09:20,23779.0,23786.8,23713.35,23720.95,24513490.0
09-03-2026 09:25,23720.6,23748.7,23697.8,23736.75,17983487.0
09-03-2026 09:30,23736.25,23799.3,23734.8,23764.85,20253505.0
09-03-2026 09:35,23765.75,23782.4,23751.45,23765.55,12289475.0
09-03-2026 09:40,23764.1,23776.7,23735.65,23735.65,11215623.0
09-03-2026 09:45,23737.4,23773.35,23711.85,23761.75,9035448.0
09-03-2026 09:50,23761.05,23784.3,23751.25,23776.5,8181991.0
09-03-2026 09:55,23775.75,23786.4,23763.3,23773.9,7282286.0
09-03-2026 10:00,23774.0,23789.25,23750.65,23758.6,6769404.0
09-03-2026 10:05,23758.2,23813.1,23756.5,23808.7,6704366.0
09-03-2026 10:10,23808.0,23834.15,23805.2,23806.2,5886418.0
09-03-2026 10:15,23805.0,23805.0,23755.85,23764.5,6311950.0
09-03-2026 10:20,23766.7,23797.2,23761.75,23776.3,4803739.0
09-03-2026 10:25,23775.0,23787.7,23758.1,23781.85,4085252.0
09-03-2026 10:30,23781.15,23785.2,23749.9,23752.3,6783157.0
09-03-2026 10:35,23752.1,23791.75,23744.85,23774.35,5482052.0
09-03-2026 10:40,23774.35,23787.3,23763.95,23783.4,4678014.0
09-03-2026 10:45,23784.45,23784.9,23754.0,23754.95,4362417.0
09-03-2026 10:50,23754.1,23862.35,23750.15,23852.65,9430903.0
09-03-2026 10:55,23851.2,23896.0,23847.3,23862.35,7627831.0
09-03-2026 11:00,23866.2,23871.65,23836.55,23848.65,5446685.0
09-03-2026 11:05,23848.55,23854.15,23824.7,23830.65,5557199.0
09-03-2026 11:10,23830.15,23837.3,23784.45,23819.5,8177683.0
09-03-2026 11:15,23818.45,23837.1,23787.35,23834.05,5366581.0
09-03-2026 11:20,23833.75,23864.75,23831.85,23846.8,5285970.0
09-03-2026 11:25,23846.65,23888.65,23840.05,23877.25,5268124.0
09-03-2026 11:30,23877.8,23890.0,23863.9,23881.45,4691840.0
09-03-2026 11:35,23881.8,23904.8,23881.8,23901.05,3915478.0
09-03-2026 11:40,23900.8,23932.0,23891.55,23897.65,10282387.0
09-03-2026 11:45,23897.85,23910.5,23878.75,23892.55,4428978.0
09-03-2026 11:50,23892.5,23899.3,23883.95,23892.4,3240060.0
09-03-2026 11:55,23891.9,23898.2,23882.1,23887.2,2911041.0
09-03-2026 12:00,23887.5,23888.6,23867.15,23882.6,5248899.0
09-03-2026 12:05,23882.05,23882.4,23841.8,23841.8,4472915.0
09-03-2026 12:10,23841.25,23869.2,23828.35,23855.35,4025310.0
09-03-2026 12:15,23855.6,23866.8,23848.95,23852.6,3672601.0
09-03-2026 12:20,23851.9,23865.0,23839.2,23865.0,3661291.0
09-03-2026 12:25,23864.8,23870.85,23854.1,23862.2,3910378.0
09-03-2026 12:30,23862.8,23870.7,23844.5,23844.5,3700152.0
09-03-2026 12:35,23844.15,23871.15,23834.1,23867.5,3359115.0
09-03-2026 12:40,23866.95,23883.15,23859.0,23873.45,4052757.0
09-03-2026 12:45,23874.65,23884.0,23854.3,23856.1,4237666.0
09-03-2026 12:50,23855.35,23891.4,23854.4,23889.5,3434911.0
09-03-2026 12:55,23889.9,23914.95,23881.0,23910.95,4296126.0
09-03-2026 13:00,23909.35,23917.75,23890.2,23914.45,6009044.0
09-03-2026 13:05,23913.3,23918.2,23893.4,23897.55,4567135.0
09-03-2026 13:10,23897.2,23900.25,23863.35,23869.7,4531670.0
09-03-2026 13:15,23870.0,23883.75,23853.85,23863.35,4943212.0
09-03-2026 13:20,23864.8,23902.8,23861.15,23866.75,4090334.0
09-03-2026 13:25,23866.15,23906.85,23858.75,23882.15,4143128.0
09-03-2026 13:30,23883.6,23937.55,23882.5,23912.3,5100133.0
09-03-2026 13:35,23911.35,23914.4,23891.3,23909.05,3154937.0
09-03-2026 13:40,23909.3,23919.35,23899.3,23902.85,3189085.0
09-03-2026 13:45,23903.1,23907.05,23876.9,23886.75,4593545.0
09-03-2026 13:50,23885.9,23910.35,23882.7,23901.15,3478681.0
09-03-2026 13:55,23900.9,23911.55,23876.05,23878.5,3073856.0
09-03-2026 14:00,23878.65,23885.7,23859.6,23883.65,3328011.0
09-03-2026 14:05,23883.9,23900.2,23876.65,23895.1,3310817.0
09-03-2026 14:10,23893.95,23904.8,23878.75,23883.6,3637377.0
09-03-2026 14:15,23884.55,23886.85,23865.9,23875.45,3646156.0
09-03-2026 14:20,23875.15,23901.15,23863.95,23899.15,3888794.0
09-03-2026 14:25,23898.3,23917.3,23891.8,23902.5,4377519.0
09-03-2026 14:30,23903.0,23925.0,23895.6,23907.75,4342591.0
09-03-2026 14:35,23907.8,23931.55,23901.15,23929.8,5156487.0
09-03-2026 14:40,23929.85,23956.3,23914.0,23946.95,5400101.0
09-03-2026 14:45,23947.25,24017.1,23939.3,23981.05,8364500.0
09-03-2026 14:50,23983.65,24012.45,23968.1,24011.65,5393821.0
09-03-2026 14:55,24012.85,24019.35,23991.35,24011.0,5372806.0
09-03-2026 15:00,24012.3,24056.45,23973.95,24049.4,11592912.0
09-03-2026 15:05,24050.25,24078.15,24021.6,24033.3,10279504.0
09-03-2026 15:10,24031.7,24061.0,24024.7,24047.7,9797416.0
09-03-2026 15:15,24047.15,24056.15,24037.8,24040.6,12136933.0
09-03-2026 15:20,24040.75,24040.75,24006.15,24014.65,13708037.0
09-03-2026 15:25,24015.05,24016.85,23994.7,24005.8,10614270.0
10-03-2026 09:15,24280.8,24303.8,24149.0,24150.4,25725258.0
10-03-2026 09:20,24150.7,24174.65,24138.6,24152.6,10922055.0
10-03-2026 09:25,24151.65,24171.2,24125.15,24159.8,10560226.0
10-03-2026 09:30,24159.35,24164.6,24121.2,24124.45,9049955.0
10-03-2026 09:35,24124.25,24124.25,24085.6,24093.4,7692073.0
10-03-2026 09:40,24093.15,24155.25,24089.35,24153.45,6089579.0
10-03-2026 09:45,24152.95,24158.3,24115.05,24136.65,4680585.0
10-03-2026 09:50,24136.6,24140.25,24121.8,24131.4,4310910.0
10-03-2026 09:55,24131.85,24131.95,24079.95,24093.1,4635144.0
10-03-2026 10:00,24092.05,24138.65,24091.3,24131.6,4789501.0
10-03-2026 10:05,24130.8,24147.5,24121.4,24139.5,4339166.0
10-03-2026 10:10,24139.15,24160.95,24131.1,24151.05,5014254.0
10-03-2026 10:15,24151.5,24213.7,24149.3,24204.55,8392118.0
10-03-2026 10:20,24205.0,24208.2,24151.9,24169.0,4269930.0
10-03-2026 10:25,24169.2,24175.95,24153.2,24160.6,3708063.0
10-03-2026 10:30,24160.3,24207.3,24159.1,24200.3,4740454.0
10-03-2026 10:35,24200.3,24209.15,24185.45,24193.2,4084709.0
10-03-2026 10:40,24192.7,24224.8,24191.5,24217.05,5168127.0
10-03-2026 10:45,24217.2,24233.2,24213.25,24222.4,4630645.0
10-03-2026 10:50,24222.2,24225.8,24184.95,24192.05,5237817.0
10-03-2026 10:55,24192.2,24198.8,24173.95,24197.4,4767514.0
10-03-2026 11:00,24197.6,24207.3,24186.6,24202.65,3716196.0
10-03-2026 11:05,24202.8,24219.6,24196.75,24219.6,4025102.0
10-03-2026 11:10,24219.1,24224.95,24216.2,24222.4,4375616.0
10-03-2026 11:15,24222.2,24243.5,24208.3,24210.25,4389796.0
10-03-2026 11:20,24210.8,24234.45,24206.1,24233.3,5754491.0
10-03-2026 11:25,24233.4,24237.7,24216.95,24229.0,4489418.0
10-03-2026 11:30,24229.55,24246.85,24226.95,24244.65,4953761.0
10-03-2026 11:35,24245.4,24255.05,24242.35,24252.05,4035898.0
10-03-2026 11:40,24252.3,24255.3,24247.85,24250.1,3887160.0
10-03-2026 11:45,24250.0,24250.5,24208.0,24208.2,4090568.0
10-03-2026 11:50,24207.45,24214.6,24195.7,24213.15,3793955.0
10-03-2026 11:55,24214.3,24225.25,24193.9,24210.65,3567943.0
10-03-2026 12:00,24210.8,24222.75,24207.95,24214.15,2778586.0
10-03-2026 12:05,24214.45,24229.45,24205.3,24205.3,3615079.0
10-03-2026 12:10,24205.35,24215.9,24172.5,24172.5,3628672.0
10-03-2026 12:15,24173.1,24189.45,24149.95,24184.5,4880671.0
10-03-2026 12:20,24184.4,24186.65,24143.05,24152.0,3789704.0
10-03-2026 12:25,24152.0,24166.05,24147.6,24162.65,4484602.0
10-03-2026 12:30,24163.3,24165.9,24153.15,24160.9,5635766.0
10-03-2026 12:35,24160.0,24191.5,24156.5,24157.0,5254884.0
10-03-2026 12:40,24156.65,24163.35,24142.45,24147.05,4893278.0
10-03-2026 12:45,24147.6,24184.5,24142.75,24184.5,4760800.0
10-03-2026 12:50,24184.45,24220.05,24181.9,24218.4,4883841.0
10-03-2026 12:55,24218.55,24231.35,24209.4,24219.15,4119706.0
10-03-2026 13:00,24219.4,24236.5,24213.6,24224.1,4679907.0
10-03-2026 13:05,24226.35,24226.7,24201.55,24206.3,4499866.0
10-03-2026 13:10,24208.05,24217.85,24194.9,24209.35,4899745.0
10-03-2026 13:15,24209.9,24219.05,24203.6,24215.4,4680904.0
10-03-2026 13:20,24215.75,24225.3,24190.4,24199.85,5273540.0
10-03-2026 13:25,24199.35,24213.35,24191.85,24212.6,3488439.0
10-03-2026 13:30,24212.55,24236.05,24212.4,24231.8,5213826.0
10-03-2026 13:35,24231.4,24262.85,24215.75,24252.15,5656217.0
10-03-2026 13:40,24251.7,24258.1,24230.35,24238.55,3263068.0
10-03-2026 13:45,24238.5,24238.7,24223.5,24233.65,3257065.0
10-03-2026 13:50,24233.8,24253.5,24232.75,24239.5,3341605.0
10-03-2026 13:55,24239.7,24244.35,24232.8,24233.2,2799298.0
10-03-2026 14:00,24233.45,24236.65,24215.6,24233.35,3838045.0
10-03-2026 14:05,24232.8,24289.95,24227.65,24275.5,5504798.0
10-03-2026 14:10,24276.75,24294.0,24269.6,24285.95,6377844.0
10-03-2026 14:15,24286.25,24296.65,24248.45,24252.85,5019058.0
10-03-2026 14:20,24252.65,24253.8,24222.45,24239.35,3434551.0
10-03-2026 14:25,24238.05,24244.45,24221.25,24235.45,3764216.0
10-03-2026 14:30,24235.2,24245.95,24201.95,24215.15,4994544.0
10-03-2026 14:35,24215.3,24245.15,24214.05,24228.45,4063695.0
10-03-2026 14:40,24227.5,24236.4,24203.05,24224.6,6835789.0
10-03-2026 14:45,24224.85,24267.65,24208.5,24264.6,7046835.0
10-03-2026 14:50,24265.75,24278.15,24240.35,24263.8,5865848.0
10-03-2026 14:55,24263.85,24273.9,24250.15,24261.45,5551581.0
10-03-2026 15:00,24261.95,24264.05,24217.5,24252.4,14009969.0
10-03-2026 15:05,24252.05,24269.2,24246.55,24259.0,13235915.0
10-03-2026 15:10,24259.0,24276.25,24250.6,24258.0,13034082.0
10-03-2026 15:15,24257.4,24280.4,24256.95,24274.25,11842596.0
10-03-2026 15:20,24273.6,24292.0,24254.0,24291.35,14839159.0
10-03-2026 15:25,24291.6,24302.5,24281.25,24286.15,12214087.0
11-03-2026 09:15,24231.85,24294.1,24218.5,24285.9,20120140.0
11-03-2026 09:20,24288.8,24299.0,24239.35,24242.5,10350857.0
11-03-2026 09:25,24243.6,24250.35,24213.75,24237.35,7795790.0
11-03-2026 09:30,24237.9,24238.25,24203.1,24228.6,7350903.0
11-03-2026 09:35,24228.75,24230.7,24181.75,24192.45,6961615.0
11-03-2026 09:40,24194.7,24197.6,24172.75,24187.65,4799090.0
11-03-2026 09:45,24188.95,24207.5,24179.95,24198.8,5980849.0
11-03-2026 09:50,24199.3,24205.35,24146.5,24148.55,5568628.0
11-03-2026 09:55,24148.35,24170.55,24144.65,24153.7,4636540.0
11-03-2026 10:00,24154.6,24161.7,24134.2,24160.6,5719478.0
11-03-2026 10:05,24160.95,24160.95,24117.05,24118.2,4412814.0
11-03-2026 10:10,24118.85,24125.9,24109.6,24116.5,4100102.0
11-03-2026 10:15,24117.1,24132.25,24112.0,24124.0,3882421.0
11-03-2026 10:20,24124.6,24130.35,24103.45,24125.05,3094119.0
11-03-2026 10:25,24126.3,24131.95,24111.0,24121.65,2881160.0
11-03-2026 10:30,24122.35,24141.95,24119.4,24125.4,4215074.0
11-03-2026 10:35,24125.35,24125.6,24084.85,24085.55,4384689.0
11-03-2026 10:40,24087.0,24101.4,24069.85,24074.1,3263208.0
11-03-2026 10:45,24074.0,24088.35,24049.05,24087.6,3694339.0
11-03-2026 10:50,24087.4,24097.65,24072.35,24083.45,3842039.0
11-03-2026 10:55,24083.45,24104.1,24080.35,24102.95,3315341.0
11-03-2026 11:00,24102.95,24114.1,24089.9,24110.85,4286537.0
11-03-2026 11:05,24111.45,24111.95,24083.65,24085.65,3411617.0
11-03-2026 11:10,24085.75,24087.4,24063.3,24071.4,3947325.0
11-03-2026 11:15,24073.75,24073.75,24037.65,24042.1,4299829.0
11-03-2026 11:20,24042.1,24042.1,24009.2,24010.6,3269794.0
11-03-2026 11:25,24013.5,24033.7,24011.95,24033.55,3339757.0
11-03-2026 11:30,24033.9,24034.35,23996.4,24001.2,3801906.0
11-03-2026 11:35,24001.45,24023.6,23986.0,24009.6,3265731.0
11-03-2026 11:40,24010.45,24014.45,24000.1,24013.55,3057929.0
11-03-2026 11:45,24014.45,24015.95,23995.9,23996.75,3309575.0
11-03-2026 11:50,23997.95,23998.25,23974.45,23995.25,3817241.0
11-03-2026 11:55,23995.55,23995.55,23971.6,23982.3,3206595.0
11-03-2026 12:00,23982.6,24022.85,23978.8,24021.95,3818952.0
11-03-2026 12:05,24022.1,24023.85,23997.6,24002.5,3447791.0
11-03-2026 12:10,24003.15,24020.8,23999.65,24011.6,3158902.0
11-03-2026 12:15,24012.55,24019.75,24006.25,24015.3,3266743.0
11-03-2026 12:20,24016.05,24024.2,24009.05,24015.6,3466499.0
11-03-2026 12:25,24016.2,24017.0,24002.5,24011.9,3144916.0
11-03-2026 12:30,24012.35,24023.65,23984.0,23990.9,4566456.0
11-03-2026 12:35,23993.25,24001.75,23969.7,23972.2,4588515.0
11-03-2026 12:40,23973.6,24011.0,23970.95,24010.95,4605553.0
11-03-2026 12:45,24011.85,24011.85,23983.1,23992.55,4015417.0
11-03-2026 12:50,23993.4,23999.25,23983.2,23985.95,3206864.0
11-03-2026 12:55,23986.3,23990.85,23971.15,23973.3,3682491.0
11-03-2026 13:00,23973.8,23993.75,23954.0,23961.5,7493382.0
11-03-2026 13:05,23962.15,23974.35,23958.7,23971.5,6739859.0
11-03-2026 13:10,23971.55,23971.55,23919.8,23929.65,8134615.0
11-03-2026 13:15,23930.7,23939.65,23913.45,23938.75,4299146.0
11-03-2026 13:20,23939.65,23963.2,23934.75,23961.45,3505534.0
11-03-2026 13:25,23962.05,23980.65,23952.4,23980.0,4087438.0
11-03-2026 13:30,23980.45,24005.35,23973.9,23977.1,5028914.0
11-03-2026 13:35,23977.55,23985.6,23958.35,23961.35,3478654.0
11-03-2026 13:40,23962.1,23974.25,23955.85,23957.95,4317422.0
11-03-2026 13:45,23958.45,23964.4,23941.8,23951.75,4203598.0
11-03-2026 13:50,23951.85,23965.65,23938.7,23961.5,3694551.0
11-03-2026 13:55,23961.85,23966.25,23942.45,23959.2,3591610.0
11-03-2026 14:00,23959.0,23960.9,23940.6,23955.05,3265558.0
11-03-2026 14:05,23955.1,23959.4,23934.35,23934.35,3968078.0
11-03-2026 14:10,23936.2,23944.15,23929.2,23939.95,3999412.0
11-03-2026 14:15,23940.95,23948.4,23903.6,23915.3,4911313.0
11-03-2026 14:20,23916.9,23927.35,23900.1,23900.1,4607943.0
11-03-2026 14:25,23899.55,23974.6,23892.0,23974.55,6286881.0
11-03-2026 14:30,23975.8,23977.05,23924.3,23924.3,5570408.0
11-03-2026 14:35,23923.25,23939.5,23918.65,23936.8,5288113.0
11-03-2026 14:40,23938.6,23938.6,23913.7,23921.3,4662571.0
11-03-2026 14:45,23921.55,23930.4,23912.3,23916.45,5839209.0
11-03-2026 14:50,23917.4,23923.85,23894.5,23916.15,6100838.0
11-03-2026 14:55,23916.75,23916.75,23871.8,23872.4,7692777.0
11-03-2026 15:00,23874.8,23913.1,23871.65,23883.95,8492367.0
11-03-2026 15:05,23887.15,23896.4,23854.35,23878.9,9554249.0
11-03-2026 15:10,23880.55,23885.85,23857.5,23861.9,11492124.0
11-03-2026 15:15,23864.2,23879.6,23856.45,23874.55,13137252.0
11-03-2026 15:20,23876.5,23878.45,23846.25,23860.25,13148952.0
11-03-2026 15:25,23860.55,23860.55,23834.3,23848.2,18323085.0
12-03-2026 09:15,23674.85,23690.85,23556.3,23563.15,24886032.0
12-03-2026 09:20,23564.5,23601.4,23557.85,23601.4,12218301.0
12-03-2026 09:25,23601.65,23612.75,23586.85,23603.35,9474909.0
12-03-2026 09:30,23600.45,23619.6,23589.55,23592.65,8487131.0
12-03-2026 09:35,23593.95,23610.1,23571.85,23572.85,7745144.0
12-03-2026 09:40,23574.5,23606.9,23569.4,23602.65,6334442.0
12-03-2026 09:45,23606.2,23624.55,23595.05,23623.15,8559910.0
12-03-2026 09:50,23623.5,23657.0,23618.45,23656.75,7010720.0
12-03-2026 09:55,23657.0,23696.6,23643.75,23693.8,7414824.0
12-03-2026 10:00,23695.4,23696.75,23670.6,23677.85,6073241.0
12-03-2026 10:05,23679.85,23679.85,23620.15,23628.2,6686473.0
12-03-2026 10:10,23632.45,23651.4,23605.35,23610.15,6133673.0
12-03-2026 10:15,23610.5,23615.9,23589.9,23612.65,5356041.0
12-03-2026 10:20,23614.75,23628.95,23608.5,23616.45,7850813.0
12-03-2026 10:25,23617.2,23681.55,23617.15,23666.65,7470731.0
12-03-2026 10:30,23666.35,23690.1,23632.35,23685.45,4797113.0
12-03-2026 10:35,23686.15,23720.0,23673.45,23712.95,7088432.0
12-03-2026 10:40,23714.35,23721.05,23684.65,23692.7,5578109.0
12-03-2026 10:45,23693.4,23704.85,23690.6,23694.0,4992382.0
12-03-2026 10:50,23694.6,23713.65,23669.3,23694.5,4548845.0
12-03-2026 10:55,23695.25,23742.15,23681.7,23740.9,5940677.0
12-03-2026 11:00,23741.6,23768.75,23741.15,23767.2,5138901.0
12-03-2026 11:05,23768.55,23774.0,23733.95,23738.4,6321651.0
12-03-2026 11:10,23739.45,23764.4,23737.2,23741.05,4014947.0
12-03-2026 11:15,23741.75,23756.65,23678.15,23696.9,5841610.0
12-03-2026 11:20,23700.7,23703.9,23665.0,23703.5,5096283.0
12-03-2026 11:25,23703.85,23713.45,23690.5,23703.3,3216417.0
12-03-2026 11:30,23704.2,23704.2,23676.6,23697.9,3046022.0
12-03-2026 11:35,23698.35,23701.25,23682.65,23697.25,3819021.0
12-03-2026 11:40,23699.4,23718.25,23689.8,23711.35,3840717.0
12-03-2026 11:45,23712.45,23725.0,23688.1,23694.3,4312658.0
12-03-2026 11:50,23695.7,23718.85,23692.5,23712.95,4285936.0
12-03-2026 11:55,23713.9,23742.2,23708.15,23739.85,5236719.0
12-03-2026 12:00,23739.45,23748.1,23735.3,23744.2,3570423.0
12-03-2026 12:05,23744.4,23748.45,23718.1,23725.65,4494772.0
12-03-2026 12:10,23727.8,23750.65,23710.5,23749.35,4083082.0
12-03-2026 12:15,23751.15,23751.15,23721.8,23724.3,3835489.0
12-03-2026 12:20,23725.7,23755.95,23724.0,23749.2,7133710.0
12-03-2026 12:25,23750.85,23759.2,23735.2,23744.1,5355933.0
12-03-2026 12:30,23744.4,23747.6,23717.5,23721.9,3456587.0
12-03-2026 12:35,23721.75,23731.7,23702.4,23709.75,4401031.0
12-03-2026 12:40,23710.65,23722.35,23702.3,23715.8,4277014.0
12-03-2026 12:45,23716.7,23731.25,23714.1,23722.1,3565133.0
12-03-2026 12:50,23722.85,23728.9,23701.5,23708.35,2793757.0
12-03-2026 12:55,23710.7,23723.8,23700.8,23717.0,3131552.0
12-03-2026 13:00,23717.85,23718.7,23691.4,23702.75,3031353.0
12-03-2026 13:05,23702.45,23702.6,23656.4,23682.55,5415912.0
12-03-2026 13:10,23683.55,23722.4,23678.75,23715.25,3552814.0
12-03-2026 13:15,23718.3,23718.5,23697.25,23702.25,4155268.0
12-03-2026 13:20,23702.95,23744.1,23695.8,23740.35,3817213.0
12-03-2026 13:25,23741.7,23767.95,23732.7,23764.3,5580259.0
12-03-2026 13:30,23765.25,23815.8,23764.7,23804.3,7518371.0
12-03-2026 13:35,23805.25,23819.1,23796.6,23811.8,5457969.0
12-03-2026 13:40,23813.6,23833.15,23784.25,23789.9,4945566.0
12-03-2026 13:45,23789.35,23801.25,23776.25,23782.55,5455323.0
12-03-2026 13:50,23783.6,23793.1,23762.5,23771.45,4767601.0
12-03-2026 13:55,23771.85,23772.0,23738.6,23738.6,5499582.0
12-03-2026 14:00,23740.55,23762.45,23733.5,23752.85,5133049.0
12-03-2026 14:05,23752.85,23771.55,23720.05,23721.5,5571148.0
12-03-2026 14:10,23721.7,23747.65,23701.95,23738.9,8316840.0
12-03-2026 14:15,23739.35,23758.15,23723.3,23749.35,5181260.0
12-03-2026 14:20,23749.5,23755.8,23730.35,23732.95,4004908.0
12-03-2026 14:25,23734.15,23744.3,23709.65,23711.8,3956024.0
12-03-2026 14:30,23713.5,23739.95,23710.4,23738.3,4814277.0
12-03-2026 14:35,23739.3,23745.15,23721.4,23724.95,8871600.0
12-03-2026 14:40,23726.15,23726.15,23667.6,23673.8,6471458.0
12-03-2026 14:45,23673.15,23684.1,23657.2,23672.55,7548778.0
12-03-2026 14:50,23674.25,23674.7,23605.55,23633.05,10178605.0
12-03-2026 14:55,23634.5,23647.95,23619.95,23639.45,6137757.0
12-03-2026 15:00,23641.1,23655.8,23609.95,23654.9,14199755.0
12-03-2026 15:05,23655.65,23669.05,23637.9,23666.8,14133155.0
12-03-2026 15:10,23665.35,23679.8,23628.8,23633.9,17792729.0
12-03-2026 15:15,23636.35,23652.0,23624.75,23649.55,15314886.0
12-03-2026 15:20,23650.65,23652.15,23630.55,23635.6,17994277.0
12-03-2026 15:25,23635.55,23643.1,23624.6,23639.35,12090589.0
13-03-2026 09:15,23462.5,23487.9,23419.1,23450.25,22209527.0
13-03-2026 09:20,23448.5,23451.95,23417.0,23431.6,11855212.0
13-03-2026 09:25,23431.15,23475.55,23415.25,23469.65,9397922.0
13-03-2026 09:30,23469.8,23492.4,23452.6,23453.9,6610528.0
13-03-2026 09:35,23455.05,23474.45,23433.6,23454.75,7496090.0
13-03-2026 09:40,23456.25,23462.0,23424.95,23425.25,14916202.0
13-03-2026 09:45,23426.55,23426.85,23388.45,23397.4,9155755.0
13-03-2026 09:50,23399.65,23399.65,23362.65,23363.1,7257653.0
13-03-2026 09:55,23364.45,23372.55,23344.2,23347.55,6998567.0
13-03-2026 10:00,23349.1,23369.95,23333.0,23361.1,7194152.0
13-03-2026 10:05,23361.8,23361.8,23326.1,23337.05,5753168.0
13-03-2026 10:10,23337.35,23344.1,23311.85,23329.8,5600241.0
13-03-2026 10:15,23330.95,23340.7,23317.35,23317.5,4886658.0
13-03-2026 10:20,23318.1,23334.85,23305.75,23311.85,5408316.0
13-03-2026 10:25,23313.7,23357.1,23309.0,23353.45,5135823.0
13-03-2026 10:30,23354.45,23360.0,23325.7,23326.75,8677354.0
13-03-2026 10:35,23326.75,23338.0,23320.3,23337.2,5332061.0
13-03-2026 10:40,23338.1,23342.0,23313.05,23324.55,5166400.0
13-03-2026 10:45,23325.2,23333.4,23309.3,23330.4,5009728.0
13-03-2026 10:50,23330.65,23379.55,23330.1,23359.2,7098797.0
13-03-2026 10:55,23362.1,23372.7,23348.9,23372.7,4844673.0
13-03-2026 11:00,23373.8,23374.7,23355.2,23358.25,4989556.0
13-03-2026 11:05,23357.25,23361.65,23331.5,23334.2,4468083.0
13-03-2026 11:10,23333.35,23339.55,23317.45,23321.65,6112261.0
13-03-2026 11:15,23323.55,23329.25,23309.65,23324.85,4238105.0
13-03-2026 11:20,23324.1,23342.85,23319.6,23335.95,3557561.0
13-03-2026 11:25,23337.0,23379.2,23333.15,23377.35,5683825.0
13-03-2026 11:30,23378.85,23400.3,23365.35,23391.3,4560086.0
13-03-2026 11:35,23392.2,23410.2,23380.5,23405.15,5833764.0
13-03-2026 11:40,23407.35,23414.9,23395.25,23407.9,4598002.0
13-03-2026 11:45,23409.35,23410.6,23390.4,23403.5,4473777.0
13-03-2026 11:50,23405.5,23409.4,23388.7,23389.25,3555022.0
13-03-2026 11:55,23389.7,23389.7,23360.5,23361.2,6406219.0
13-03-2026 12:00,23363.1,23365.45,23335.75,23344.15,4644382.0
13-03-2026 12:05,23344.3,23347.5,23322.35,23331.6,4394130.0
13-03-2026 12:10,23333.9,23342.55,23317.45,23336.15,4402469.0
13-03-2026 12:15,23338.9,23338.9,23318.1,23318.1,4067394.0
13-03-2026 12:20,23319.1,23319.1,23269.05,23269.55,6530930.0
13-03-2026 12:25,23273.3,23291.25,23266.1,23278.7,7178689.0
13-03-2026 12:30,23280.05,23281.5,23227.75,23239.2,6294784.0
13-03-2026 12:35,23241.0,23241.8,23210.5,23216.3,6039303.0
13-03-2026 12:40,23219.2,23219.4,23193.55,23212.4,4932559.0
13-03-2026 12:45,23214.0,23245.5,23210.2,23240.9,4090223.0
13-03-2026 12:50,23241.65,23250.2,23213.55,23229.6,4149340.0
13-03-2026 12:55,23230.45,23242.8,23213.3,23231.1,4434711.0
13-03-2026 13:00,23232.55,23239.55,23217.75,23221.25,4772205.0
13-03-2026 13:05,23223.75,23227.5,23191.7,23197.15,3841616.0
13-03-2026 13:10,23198.45,23210.2,23173.55,23175.7,6628056.0
13-03-2026 13:15,23178.35,23192.75,23167.95,23171.6,5534911.0
13-03-2026 13:20,23171.75,23187.65,23136.5,23141.25,5608039.0
13-03-2026 13:25,23142.75,23191.3,23139.25,23189.35,5123306.0
13-03-2026 13:30,23191.35,23202.65,23166.4,23167.95,4669292.0
13-03-2026 13:35,23169.2,23171.1,23142.7,23145.65,4731917.0
13-03-2026 13:40,23147.25,23165.2,23131.15,23157.15,5868335.0
13-03-2026 13:45,23159.1,23168.4,23148.85,23160.25,8200205.0
13-03-2026 13:50,23162.3,23166.9,23119.6,23138.25,5785480.0
13-03-2026 13:55,23141.55,23150.3,23112.0,23118.95,5176690.0
13-03-2026 14:00,23121.65,23161.45,23120.2,23143.2,5735632.0
13-03-2026 14:05,23145.25,23178.5,23142.25,23170.25,7663725.0
13-03-2026 14:10,23172.75,23205.5,23167.15,23201.85,6652381.0
13-03-2026 14:15,23203.65,23220.0,23182.75,23219.2,7091672.0
13-03-2026 14:20,23221.45,23233.5,23201.75,23210.2,6207362.0
13-03-2026 14:25,23210.8,23225.1,23199.75,23202.5,5811255.0
13-03-2026 14:30,23204.6,23258.6,23203.6,23235.5,7986705.0
13-03-2026 14:35,23242.1,23249.05,23208.3,23208.65,7447931.0
13-03-2026 14:40,23211.75,23231.55,23205.65,23224.8,7625766.0
13-03-2026 14:45,23228.7,23231.2,23177.55,23191.05,8034197.0
13-03-2026 14:50,23193.65,23212.5,23166.6,23167.35,7147989.0
13-03-2026 14:55,23172.65,23182.1,23144.55,23177.9,8850315.0
13-03-2026 15:00,23181.05,23190.55,23135.75,23138.05,11840621.0
13-03-2026 15:05,23137.45,23147.95,23125.1,23132.75,12112044.0
13-03-2026 15:10,23136.9,23167.05,23127.75,23162.55,13426456.0
13-03-2026 15:15,23161.45,23165.15,23145.65,23153.2,14880421.0
13-03-2026 15:20,23153.1,23154.1,23138.5,23148.15,13319093.0
13-03-2026 15:25,23147.3,23173.85,23147.0,23170.9,11146195.0
16-03-2026 09:15,23116.1,23248.05,23098.0,23172.55,23543874.0
16-03-2026 09:20,23173.8,23188.3,23131.65,23139.9,11641569.0
16-03-2026 09:25,23140.85,23166.95,23111.3,23157.75,10293419.0
16-03-2026 09:30,23159.5,23224.3,23158.2,23219.65,7668804.0
16-03-2026 09:35,23221.15,23270.0,23217.05,23242.75,7946591.0
16-03-2026 09:40,23240.95,23284.65,23237.4,23240.5,7399213.0
16-03-2026 09:45,23240.2,23276.95,23231.45,23241.0,6116949.0
16-03-2026 09:50,23240.85,23261.0,23221.0,23226.5,5353636.0
16-03-2026 09:55,23226.65,23232.75,23164.7,23167.55,5707589.0
16-03-2026 10:00,23168.8,23198.35,23167.45,23196.95,5831078.0
16-03-2026 10:05,23197.1,23210.5,23182.15,23184.45,4009479.0
16-03-2026 10:10,23184.75,23189.95,23143.25,23155.2,5432731.0
16-03-2026 10:15,23154.35,23154.35,23099.8,23100.0,5639772.0
16-03-2026 10:20,23100.6,23100.6,23055.1,23056.7,5686295.0
16-03-2026 10:25,23055.7,23065.95,23024.45,23024.95,6158678.0
16-03-2026 10:30,23026.5,23074.5,23025.95,23045.1,5422411.0
16-03-2026 10:35,23045.3,23076.75,23038.8,23057.7,4286150.0
16-03-2026 10:40,23056.85,23068.3,23047.75,23052.05,3778160.0
16-03-2026 10:45,23053.5,23064.25,23028.0,23035.6,3452647.0
16-03-2026 10:50,23035.7,23041.5,22985.15,22986.25,6017474.0
16-03-2026 10:55,22987.35,23034.05,22955.25,23032.25,7196788.0
16-03-2026 11:00,23032.95,23049.05,23012.95,23043.05,5214585.0
16-03-2026 11:05,23043.85,23079.0,23030.4,23076.75,4202283.0
16-03-2026 11:10,23077.9,23097.45,23060.65,23092.35,3843806.0
16-03-2026 11:15,23093.55,23190.15,23090.7,23187.75,6222887.0
16-03-2026 11:20,23189.05,23199.45,23164.5,23185.4,5534382.0
16-03-2026 11:25,23182.7,23184.15,23160.55,23172.2,3604568.0
16-03-2026 11:30,23172.75,23218.15,23163.2,23196.85,4881993.0
16-03-2026 11:35,23197.1,23209.05,23161.35,23166.7,3898007.0
16-03-2026 11:40,23166.35,23184.05,23148.35,23149.5,3701639.0
16-03-2026 11:45,23149.9,23166.45,23144.8,23160.0,3451059.0
16-03-2026 11:50,23160.0,23170.55,23144.95,23154.2,2754464.0
16-03-2026 11:55,23152.95,23172.0,23138.1,23144.95,3655690.0
16-03-2026 12:00,23144.4,23188.95,23144.4,23155.1,3127438.0
16-03-2026 12:05,23155.5,23168.15,23150.8,23159.55,2548388.0
16-03-2026 12:10,23159.2,23185.85,23147.3,23162.85,3281575.0
16-03-2026 12:15,23163.3,23169.15,23154.35,23166.05,3460384.0
16-03-2026 12:20,23166.5,23192.85,23162.3,23191.9,3970320.0
16-03-2026 12:25,23191.15,23196.45,23171.15,23179.4,4123961.0
16-03-2026 12:30,23178.65,23182.55,23138.85,23144.65,5068879.0
16-03-2026 12:35,23144.2,23160.55,23114.5,23159.45,5187701.0
16-03-2026 12:40,23159.45,23173.65,23151.45,23154.8,4909467.0
16-03-2026 12:45,23154.15,23154.6,23100.6,23102.65,5645548.0
16-03-2026 12:50,23102.4,23128.7,23093.25,23123.5,4501225.0
16-03-2026 12:55,23123.2,23132.75,23114.8,23132.4,4415098.0
16-03-2026 13:00,23132.75,23172.6,23121.9,23121.9,4723401.0
16-03-2026 13:05,23120.95,23131.85,23086.35,23121.55,5389155.0
16-03-2026 13:10,23120.25,23146.3,23111.65,23116.8,4133575.0
16-03-2026 13:15,23117.95,23151.1,23115.4,23151.1,4333424.0
16-03-2026 13:20,23150.7,23168.95,23144.8,23149.2,5385679.0
16-03-2026 13:25,23150.0,23161.8,23121.85,23124.5,4779909.0
16-03-2026 13:30,23123.75,23144.2,23100.7,23108.3,5051081.0
16-03-2026 13:35,23107.9,23130.45,23106.65,23128.2,4836413.0
16-03-2026 13:40,23126.35,23147.85,23107.05,23108.25,5262713.0
16-03-2026 13:45,23107.45,23119.35,23092.85,23107.8,3749402.0
16-03-2026 13:50,23107.85,23142.55,23097.15,23130.05,4854655.0
16-03-2026 13:55,23127.6,23133.25,23115.75,23130.8,3457043.0
16-03-2026 14:00,23130.45,23134.45,23121.6,23123.7,3485427.0
16-03-2026 14:05,23123.45,23142.9,23116.0,23137.6,4075470.0
16-03-2026 14:10,23136.35,23180.7,23136.35,23155.3,5495446.0
16-03-2026 14:15,23155.05,23226.85,23134.6,23225.6,6745844.0
16-03-2026 14:20,23226.55,23343.6,23225.2,23336.45,15908591.0
16-03-2026 14:25,23339.7,23374.7,23302.15,23347.85,16161290.0
16-03-2026 14:30,23352.85,23386.55,23337.65,23365.85,16573264.0
16-03-2026 14:35,23370.25,23418.55,23358.1,23411.6,15657270.0
16-03-2026 14:40,23415.0,23450.8,23390.05,23427.85,16098522.0
16-03-2026 14:45,23429.85,23462.6,23411.3,23453.85,13152733.0
16-03-2026 14:50,23456.25,23502.0,23435.1,23458.15,13680734.0
16-03-2026 14:55,23463.75,23475.45,23436.75,23454.05,15442326.0
16-03-2026 15:00,23455.3,23459.25,23388.75,23401.7,19082241.0
16-03-2026 15:05,23403.55,23458.0,23403.55,23440.2,15203234.0
16-03-2026 15:10,23442.2,23460.2,23418.25,23435.25,16203283.0
16-03-2026 15:15,23435.8,23436.05,23373.25,23376.0,13816408.0
16-03-2026 15:20,23376.7,23385.35,23352.65,23354.55,13935020.0
16-03-2026 15:25,23354.85,23359.9,23338.6,23355.6,9857808.0
17-03-2026 09:15,23493.2,23493.2,23360.3,23395.55,15327351.0
17-03-2026 09:20,23393.2,23424.25,23363.75,23363.75,9357921.0
17-03-2026 09:25,23359.15,23391.05,23346.6,23373.15,8109890.0
17-03-2026 09:30,23376.7,23402.85,23359.5,23388.8,7240063.0
17-03-2026 09:35,23390.65,23440.3,23385.05,23437.25,7815811.0
17-03-2026 09:40,23437.8,23462.9,23417.3,23453.15,8441308.0
17-03-2026 09:45,23453.45,23486.3,23431.7,23484.5,5572998.0
17-03-2026 09:50,23484.4,23488.3,23456.4,23483.0,5929839.0
17-03-2026 09:55,23484.2,23501.75,23466.0,23496.75,4108973.0
17-03-2026 10:00,23496.7,23525.2,23496.7,23513.45,5205627.0
17-03-2026 10:05,23512.75,23530.6,23512.65,23520.5,4602854.0
17-03-2026 10:10,23518.55,23537.1,23504.8,23525.85,4094729.0
17-03-2026 10:15,23525.75,23555.5,23525.75,23554.3,6360815.0
17-03-2026 10:20,23553.3,23577.55,23536.6,23563.7,7349192.0
17-03-2026 10:25,23563.5,23566.15,23500.2,23501.85,4944694.0
17-03-2026 10:30,23501.7,23510.65,23467.85,23467.85,5766612.0
17-03-2026 10:35,23469.55,23490.6,23443.0,23489.7,4481760.0
17-03-2026 10:40,23489.55,23493.8,23461.25,23483.9,3965400.0
17-03-2026 10:45,23484.65,23523.15,23475.5,23522.65,4335207.0
17-03-2026 10:50,23522.95,23533.0,23510.25,23521.15,4148591.0
17-03-2026 10:55,23519.4,23533.9,23509.4,23523.85,4117388.0
17-03-2026 11:00,23523.85,23528.15,23508.0,23514.9,3311736.0
17-03-2026 11:05,23514.4,23526.95,23481.6,23490.45,4190734.0
17-03-2026 11:10,23491.7,23507.4,23467.4,23471.45,3926995.0
17-03-2026 11:15,23470.45,23479.5,23438.55,23438.55,4706594.0
17-03-2026 11:20,23439.75,23448.15,23411.15,23412.65,5627190.0
17-03-2026 11:25,23412.35,23416.85,23375.95,23384.35,6999810.0
17-03-2026 11:30,23385.25,23394.0,23363.45,23365.75,5806395.0
17-03-2026 11:35,23365.6,23409.9,23355.7,23390.45,5640152.0
17-03-2026 11:40,23389.4,23408.15,23379.95,23390.45,3287202.0
17-03-2026 11:45,23390.9,23417.85,23387.8,23392.65,2547808.0
17-03-2026 11:50,23392.3,23429.6,23389.05,23410.6,3308476.0
17-03-2026 11:55,23410.4,23419.6,23376.05,23415.35,3462600.0
17-03-2026 12:00,23414.75,23421.95,23402.6,23410.4,2657747.0
17-03-2026 12:05,23411.4,23438.0,23408.2,23435.6,2479340.0
17-03-2026 12:10,23435.3,23450.05,23424.3,23435.15,3314278.0
17-03-2026 12:15,23435.15,23438.3,23382.25,23383.45,3835677.0
17-03-2026 12:20,23383.7,23413.05,23381.55,23385.2,2762738.0
17-03-2026 12:25,23386.85,23408.75,23385.35,23406.35,2716744.0
17-03-2026 12:30,23407.05,23415.2,23380.35,23411.0,3332104.0
17-03-2026 12:35,23410.55,23437.1,23409.85,23424.5,3188192.0
17-03-2026 12:40,23423.25,23457.25,23412.85,23450.9,3676632.0
17-03-2026 12:45,23449.3,23488.15,23449.3,23488.15,4498311.0
17-03-2026 12:50,23486.75,23496.2,23459.75,23465.5,4253055.0
17-03-2026 12:55,23464.85,23482.6,23456.95,23477.55,3531706.0
17-03-2026 13:00,23477.05,23512.55,23477.05,23505.2,6925975.0
17-03-2026 13:05,23504.9,23520.3,23476.15,23516.3,6562597.0
17-03-2026 13:10,23516.25,23533.5,23515.95,23532.95,4195976.0
17-03-2026 13:15,23533.95,23557.8,23533.95,23554.7,6320576.0
17-03-2026 13:20,23555.25,23560.2,23537.15,23539.9,4293315.0
17-03-2026 13:25,23540.95,23544.75,23524.85,23541.05,4744450.0
17-03-2026 13:30,23542.5,23592.05,23542.5,23549.9,6126698.0
17-03-2026 13:35,23550.1,23554.35,23512.55,23513.2,4441084.0
17-03-2026 13:40,23513.5,23540.75,23504.15,23530.75,4125726.0
17-03-2026 13:45,23531.75,23558.4,23531.75,23557.45,3696679.0
17-03-2026 13:50,23557.5,23568.3,23547.5,23547.5,3602207.0
17-03-2026 13:55,23547.85,23554.2,23531.05,23541.85,3413459.0
17-03-2026 14:00,23542.5,23573.2,23533.4,23566.7,5757154.0
17-03-2026 14:05,23565.55,23573.3,23537.25,23569.7,5229730.0
17-03-2026 14:10,23570.0,23608.95,23570.0,23600.0,5886599.0
17-03-2026 14:15,23600.4,23606.85,23551.15,23562.1,8682418.0
17-03-2026 14:20,23562.9,23575.3,23534.85,23545.75,5462513.0
17-03-2026 14:25,23545.0,23565.6,23526.85,23554.05,5579494.0
17-03-2026 14:30,23559.35,23587.8,23559.35,23579.3,6442113.0
17-03-2026 14:35,23580.3,23600.15,23575.1,23590.2,5294593.0
17-03-2026 14:40,23592.4,23615.35,23585.35,23587.1,4924245.0
17-03-2026 14:45,23588.35,23599.15,23567.55,23598.6,10025329.0
17-03-2026 14:50,23600.05,23624.15,23592.1,23622.45,8657971.0
17-03-2026 14:55,23622.4,23656.8,23621.95,23654.5,7939831.0
17-03-2026 15:00,23655.2,23655.2,23569.25,23592.95,19862338.0
17-03-2026 15:05,23591.85,23614.6,23574.45,23593.6,15602733.0
17-03-2026 15:10,23594.45,23610.7,23567.5,23607.5,14637740.0
17-03-2026 15:15,23607.05,23607.65,23546.55,23563.0,17803050.0
17-03-2026 15:20,23564.2,23580.55,23552.7,23559.0,14352841.0
17-03-2026 15:25,23558.6,23568.4,23553.15,23558.8,10325035.0
18-03-2026 09:15,23632.9,23726.75,23618.45,23721.9,22024538.0
18-03-2026 09:20,23721.6,23738.9,23675.5,23676.15,11217352.0
18-03-2026 09:25,23677.0,23724.15,23667.3,23715.3,8543443.0
18-03-2026 09:30,23714.8,23735.05,23714.8,23725.3,7006902.0
18-03-2026 09:35,23726.8,23729.35,23706.45,23708.05,6370712.0
18-03-2026 09:40,23708.1,23731.1,23700.1,23721.75,5129498.0
18-03-2026 09:45,23720.35,23733.95,23704.45,23732.2,6465315.0
18-03-2026 09:50,23733.4,23754.65,23720.85,23724.35,6728089.0
18-03-2026 09:55,23724.3,23725.2,23669.55,23691.25,6547195.0
18-03-2026 10:00,23691.15,23695.65,23650.6,23657.05,6580744.0
18-03-2026 10:05,23658.05,23664.0,23643.3,23650.2,4862743.0
18-03-2026 10:10,23649.35,23666.3,23640.7,23664.3,3779346.0
18-03-2026 10:15,23664.95,23711.0,23664.65,23707.35,4786547.0
18-03-2026 10:20,23707.7,23736.05,23701.35,23735.85,4093284.0
18-03-2026 10:25,23734.9,23737.85,23716.7,23722.95,4125169.0
18-03-2026 10:30,23721.65,23739.45,23713.45,23732.15,3958326.0
18-03-2026 10:35,23730.4,23746.0,23723.0,23731.5,3592272.0
18-03-2026 10:40,23730.55,23741.2,23718.3,23723.35,3716287.0
18-03-2026 10:45,23721.65,23761.15,23721.1,23759.85,4778194.0
18-03-2026 10:50,23759.55,23770.5,23752.65,23768.15,4890365.0
18-03-2026 10:55,23767.55,23778.55,23764.2,23770.6,4890859.0
18-03-2026 11:00,23770.8,23786.5,23764.15,23784.4,4697421.0
18-03-2026 11:05,23782.45,23784.2,23764.55,23777.15,3979162.0
18-03-2026 11:10,23776.6,23791.5,23768.45,23785.3,3741638.0
18-03-2026 11:15,23784.7,23787.05,23770.6,23787.05,3809070.0
18-03-2026 11:20,23786.25,23801.1,23781.85,23798.2,3758487.0
18-03-2026 11:25,23797.85,23806.4,23779.75,23799.6,3441984.0
18-03-2026 11:30,23798.75,23804.35,23790.1,23791.65,3605696.0
18-03-2026 11:35,23791.7,23816.0,23783.1,23812.95,4365880.0
18-03-2026 11:40,23813.35,23835.95,23812.1,23817.95,4158493.0
18-03-2026 11:45,23816.9,23820.4,23804.15,23804.15,3233935.0
18-03-2026 11:50,23804.3,23822.5,23803.55,23820.55,2959913.0
18-03-2026 11:55,23820.15,23821.3,23806.3,23806.3,2834165.0
18-03-2026 12:00,23806.65,23810.8,23787.0,23793.3,3864684.0
18-03-2026 12:05,23793.45,23797.2,23777.75,23779.6,2966704.0
18-03-2026 12:10,23779.3,23789.55,23772.15,23779.65,3155877.0
18-03-2026 12:15,23779.2,23787.7,23775.15,23786.45,2787008.0
18-03-2026 12:20,23785.7,23788.8,23769.4,23781.45,3743722.0
18-03-2026 12:25,23781.6,23784.2,23760.9,23767.0,4059641.0
18-03-2026 12:30,23767.15,23789.95,23767.15,23780.85,3774387.0
18-03-2026 12:35,23780.2,23788.8,23765.3,23772.6,4289811.0
18-03-2026 12:40,23772.6,23778.2,23762.4,23778.2,3493773.0
18-03-2026 12:45,23777.7,23785.75,23764.95,23785.75,3330328.0
18-03-2026 12:50,23785.45,23794.5,23768.35,23772.45,3557405.0
18-03-2026 12:55,23771.6,23781.15,23765.75,23775.9,2777594.0
18-03-2026 13:00,23775.15,23798.2,23775.15,23796.15,4037918.0
18-03-2026 13:05,23796.45,23797.6,23766.4,23777.85,3335061.0
18-03-2026 13:10,23776.5,23803.2,23774.7,23803.2,3683537.0
18-03-2026 13:15,23802.4,23810.2,23792.4,23796.6,4132434.0
18-03-2026 13:20,23798.0,23829.25,23797.25,23828.7,4632232.0
18-03-2026 13:25,23828.2,23836.75,23810.35,23824.35,3547084.0
18-03-2026 13:30,23823.85,23838.2,23816.0,23833.15,4487505.0
18-03-2026 13:35,23834.95,23843.35,23824.15,23841.4,3840089.0
18-03-2026 13:40,23840.5,23844.8,23829.65,23844.4,3338296.0
18-03-2026 13:45,23845.45,23845.95,23824.15,23829.45,3218591.0
18-03-2026 13:50,23828.15,23850.95,23819.05,23845.8,3534430.0
18-03-2026 13:55,23844.6,23859.35,23831.2,23833.65,3794338.0
18-03-2026 14:00,23832.5,23851.5,23820.85,23826.75,4658011.0
18-03-2026 14:05,23827.35,23830.25,23812.95,23828.0,3545827.0
18-03-2026 14:10,23827.5,23836.05,23809.6,23817.65,3118907.0
18-03-2026 14:15,23817.5,23845.6,23811.1,23839.35,3633598.0
18-03-2026 14:20,23839.85,23852.6,23833.15,23849.2,3889339.0
18-03-2026 14:25,23848.7,23862.25,23835.25,23835.25,3555703.0
18-03-2026 14:30,23836.45,23840.05,23795.8,23796.15,4860060.0
18-03-2026 14:35,23795.9,23805.7,23786.95,23801.15,3877032.0
18-03-2026 14:40,23801.5,23811.4,23779.7,23780.6,4606914.0
18-03-2026 14:45,23780.55,23802.55,23775.55,23799.05,3713808.0
18-03-2026 14:50,23798.6,23808.35,23780.6,23783.75,3946848.0
18-03-2026 14:55,23785.55,23804.0,23781.85,23801.8,4290107.0
18-03-2026 15:00,23801.65,23809.8,23766.9,23804.7,10375050.0
18-03-2026 15:05,23803.55,23806.0,23792.9,23795.25,8732348.0
18-03-2026 15:10,23795.9,23798.55,23789.0,23792.55,10357377.0
18-03-2026 15:15,23792.9,23792.9,23766.15,23766.8,11210398.0
18-03-2026 15:20,23767.45,23768.1,23730.65,23751.25,13437016.0
18-03-2026 15:25,23750.95,23770.05,23750.05,23764.1,11522961.0
18-03-2026 15:30,23764.1,23764.1,23764.1,23764.1,1416401.0
19-03-2026 09:15,23197.75,23378.7,23180.95,23289.5,49705970.0
19-03-2026 09:20,23289.7,23345.15,23276.8,23345.15,18309269.0
19-03-2026 09:25,23345.45,23352.5,23316.05,23316.05,15103027.0
19-03-2026 09:30,23317.2,23325.6,23296.7,23301.0,9649666.0
19-03-2026 09:35,23299.7,23306.8,23255.5,23257.25,14348159.0
19-03-2026 09:40,23261.1,23281.65,23255.7,23271.0,8030314.0
19-03-2026 09:45,23269.6,23273.35,23226.75,23238.3,12466894.0
19-03-2026 09:50,23235.9,23263.65,23231.2,23239.25,12880927.0
19-03-2026 09:55,23239.15,23260.3,23229.35,23242.7,6506381.0
19-03-2026 10:00,23241.95,23269.95,23230.45,23264.85,8292270.0
19-03-2026 10:05,23264.9,23268.35,23247.6,23261.2,4509474.0
19-03-2026 10:10,23260.5,23260.85,23235.7,23236.65,7322971.0
19-03-2026 10:15,23234.75,23234.95,23204.05,23217.0,8931925.0
19-03-2026 10:20,23216.95,23260.0,23214.75,23260.0,5623783.0
19-03-2026 10:25,23258.45,23283.95,23257.95,23272.4,6041423.0
19-03-2026 10:30,23272.4,23287.15,23272.4,23274.15,6286171.0
19-03-2026 10:35,23275.2,23317.8,23271.7,23311.6,6353056.0
19-03-2026 10:40,23313.35,23316.3,23287.3,23311.7,5518158.0
19-03-2026 10:45,23312.6,23312.6,23275.05,23276.75,5488550.0
19-03-2026 10:50,23276.75,23291.25,23272.6,23287.5,4223118.0
19-03-2026 10:55,23286.4,23291.7,23258.3,23260.45,5910533.0
19-03-2026 11:00,23260.65,23264.65,23244.65,23250.1,5998432.0
19-03-2026 11:05,23251.05,23259.25,23238.55,23239.4,4133803.0
19-03-2026 11:10,23241.45,23254.95,23217.1,23220.95,6047200.0
19-03-2026 11:15,23221.35,23228.9,23207.55,23218.7,5196107.0
19-03-2026 11:20,23219.55,23253.6,23214.95,23246.45,5347441.0
19-03-2026 11:25,23244.9,23246.0,23224.45,23228.05,4067611.0
19-03-2026 11:30,23227.35,23250.1,23225.55,23248.9,4096025.0
19-03-2026 11:35,23246.75,23253.85,23237.65,23240.6,3692095.0
19-03-2026 11:40,23240.35,23246.75,23229.2,23241.65,3941972.0
19-03-2026 11:45,23241.6,23260.0,23236.95,23246.2,3536315.0
19-03-2026 11:50,23246.45,23256.8,23242.45,23245.9,3177353.0
19-03-2026 11:55,23245.6,23248.0,23236.2,23241.05,3136726.0
19-03-2026 12:00,23241.9,23245.15,23226.35,23231.6,3233572.0
19-03-2026 12:05,23232.65,23240.8,23217.85,23234.0,4267996.0
19-03-2026 12:10,23231.9,23268.75,23226.9,23265.5,4218277.0
19-03-2026 12:15,23265.5,23281.2,23257.1,23276.75,4386092.0
19-03-2026 12:20,23276.1,23276.3,23238.95,23245.95,3597047.0
19-03-2026 12:25,23244.95,23257.95,23240.95,23254.85,3271659.0
19-03-2026 12:30,23254.9,23264.7,23235.85,23248.95,2752342.0
19-03-2026 12:35,23249.05,23261.15,23244.25,23253.45,2786151.0
19-03-2026 12:40,23253.35,23255.1,23229.3,23235.65,3626730.0
19-03-2026 12:45,23234.85,23274.9,23233.8,23270.2,3757565.0
19-03-2026 12:50,23271.5,23274.95,23253.4,23273.85,3722730.0
19-03-2026 12:55,23274.6,23277.3,23257.45,23264.65,2678973.0
19-03-2026 13:00,23265.35,23265.6,23235.6,23238.9,3545596.0
19-03-2026 13:05,23238.7,23243.9,23226.15,23234.15,3457674.0
19-03-2026 13:10,23233.6,23255.05,23194.7,23200.25,6437445.0
19-03-2026 13:15,23200.35,23208.7,23194.85,23200.9,4215952.0
19-03-2026 13:20,23200.7,23206.1,23181.8,23182.75,4023661.0
19-03-2026 13:25,23183.7,23195.7,23172.15,23176.65,4980619.0
19-03-2026 13:30,23176.7,23194.95,23174.9,23175.85,4300768.0
19-03-2026 13:35,23177.45,23204.5,23173.8,23204.5,3927770.0
19-03-2026 13:40,23205.2,23217.85,23198.3,23199.15,3903461.0
19-03-2026 13:45,23198.55,23203.75,23182.9,23190.85,3549213.0
19-03-2026 13:50,23190.25,23199.5,23185.35,23198.3,3037694.0
19-03-2026 13:55,23197.75,23200.5,23155.7,23163.05,4481135.0
19-03-2026 14:00,23163.3,23171.8,23122.9,23128.05,5282907.0
19-03-2026 14:05,23129.1,23132.5,23105.45,23107.25,5309008.0
19-03-2026 14:10,23106.45,23113.85,23087.95,23111.3,6647209.0
19-03-2026 14:15,23111.55,23137.05,23108.05,23128.75,4196049.0
19-03-2026 14:20,23129.0,23133.45,23109.3,23127.9,4028106.0
19-03-2026 14:25,23128.2,23129.8,23096.9,23100.65,4396710.0
19-03-2026 14:30,23101.1,23121.4,23097.95,23117.15,4568713.0
19-03-2026 14:35,23116.6,23127.55,23097.55,23098.9,5660554.0
19-03-2026 14:40,23098.2,23115.6,23083.75,23110.7,7658579.0
19-03-2026 14:45,23110.55,23111.55,23052.5,23064.0,7789113.0
19-03-2026 14:50,23062.15,23064.8,23026.95,23033.5,6505045.0
19-03-2026 14:55,23033.45,23044.45,22947.55,22954.05,13979267.0
19-03-2026 15:00,22954.9,23016.2,22930.35,22990.0,22037702.0
19-03-2026 15:05,22988.6,22993.7,22954.2,22971.9,16737146.0
19-03-2026 15:10,22972.05,23019.1,22965.9,22987.25,16409620.0
19-03-2026 15:15,22987.55,23037.4,22977.65,23037.25,13317126.0
19-03-2026 15:20,23037.5,23072.95,23036.0,23069.15,15866425.0
19-03-2026 15:25,23068.7,23093.9,23061.75,23087.85,11831125.0
20-03-2026 09:15,23110.15,23285.2,23109.9,23281.5,31817470.0
20-03-2026 09:20,23283.45,23303.85,23223.25,23254.45,15498753.0
20-03-2026 09:25,23257.4,23287.5,23248.4,23286.8,8961357.0
20-03-2026 09:30,23287.05,23318.55,23277.9,23313.8,9850114.0
20-03-2026 09:35,23314.9,23319.7,23262.7,23270.8,9940252.0
20-03-2026 09:40,23271.4,23271.4,23228.95,23228.95,7334573.0
20-03-2026 09:45,23230.6,23249.8,23222.75,23246.9,7539282.0
20-03-2026 09:50,23248.6,23266.7,23236.15,23244.3,6439799.0
20-03-2026 09:55,23243.35,23264.2,23239.1,23259.0,6372819.0
20-03-2026 10:00,23260.2,23261.05,23220.7,23233.95,5539736.0
20-03-2026 10:05,23234.25,23258.2,23232.8,23246.45,6120113.0
20-03-2026 10:10,23244.95,23260.75,23236.4,23243.65,4853981.0
20-03-2026 10:15,23243.4,23246.8,23200.65,23219.6,5821485.0
20-03-2026 10:20,23220.9,23244.15,23205.7,23244.15,5732010.0
20-03-2026 10:25,23243.55,23261.3,23237.55,23260.6,5468261.0
20-03-2026 10:30,23261.75,23278.35,23252.6,23269.3,5245081.0
20-03-2026 10:35,23269.75,23286.55,23269.45,23286.55,5050248.0
20-03-2026 10:40,23287.3,23301.8,23285.4,23290.15,5354552.0
20-03-2026 10:45,23290.6,23312.6,23277.05,23296.2,5789091.0
20-03-2026 10:50,23297.4,23317.9,23296.9,23313.45,5758272.0
20-03-2026 10:55,23313.6,23314.0,23281.45,23296.6,5531615.0
20-03-2026 11:00,23298.65,23303.65,23263.15,23268.3,5556009.0
20-03-2026 11:05,23268.7,23293.3,23265.1,23290.15,4797053.0
20-03-2026 11:10,23290.6,23291.45,23266.2,23289.15,5729728.0
20-03-2026 11:15,23288.95,23307.35,23284.6,23305.45,5008229.0
20-03-2026 11:20,23306.6,23345.15,23302.55,23327.55,5884530.0
20-03-2026 11:25,23329.1,23332.15,23309.45,23317.3,4135658.0
20-03-2026 11:30,23317.9,23331.6,23310.2,23312.2,3709263.0
20-03-2026 11:35,23312.3,23321.7,23302.55,23304.85,4719923.0
20-03-2026 11:40,23306.5,23310.8,23285.8,23286.9,4772397.0
20-03-2026 11:45,23287.4,23292.85,23279.9,23288.15,3746669.0
20-03-2026 11:50,23288.75,23288.75,23249.2,23249.2,5231289.0
20-03-2026 11:55,23249.55,23250.9,23223.1,23250.3,5698212.0
20-03-2026 12:00,23251.25,23259.5,23224.35,23228.95,4625145.0
20-03-2026 12:05,23229.85,23240.0,23210.9,23212.25,4557678.0
20-03-2026 12:10,23212.95,23236.1,23210.9,23233.05,3341089.0
20-03-2026 12:15,23234.15,23234.15,23183.0,23185.6,5261509.0
20-03-2026 12:20,23187.45,23193.55,23153.2,23155.05,5810510.0
20-03-2026 12:25,23154.8,23160.05,23137.05,23155.15,5182227.0
20-03-2026 12:30,23155.65,23170.9,23120.35,23170.1,5690422.0
20-03-2026 12:35,23171.6,23191.75,23165.85,23184.65,4081695.0
20-03-2026 12:40,23185.5,23216.4,23180.65,23205.75,4203768.0
20-03-2026 12:45,23206.5,23226.7,23202.8,23217.3,4312870.0
20-03-2026 12:50,23218.9,23241.35,23204.85,23227.0,4839081.0
20-03-2026 12:55,23227.95,23249.7,23214.8,23214.8,5233968.0
20-03-2026 13:00,23214.9,23243.15,23202.6,23240.3,4818147.0
20-03-2026 13:05,23240.9,23251.2,23227.65,23240.9,4906535.0
20-03-2026 13:10,23242.15,23243.15,23224.55,23231.5,3421870.0
20-03-2026 13:15,23232.0,23257.35,23230.3,23235.6,4077219.0
20-03-2026 13:20,23236.75,23259.35,23230.0,23248.15,3795921.0
20-03-2026 13:25,23249.2,23271.1,23243.7,23257.7,4528397.0
20-03-2026 13:30,23258.45,23266.45,23243.05,23245.2,4621555.0
20-03-2026 13:35,23246.2,23272.4,23242.5,23270.2,4329140.0
20-03-2026 13:40,23270.3,23270.55,23231.95,23232.0,4985173.0
20-03-2026 13:45,23233.7,23234.0,23206.05,23206.45,4774051.0
20-03-2026 13:50,23207.6,23218.05,23194.65,23216.85,4573143.0
20-03-2026 13:55,23216.65,23230.3,23188.65,23193.45,4170166.0
20-03-2026 14:00,23195.0,23235.35,23185.25,23235.35,4429808.0
20-03-2026 14:05,23237.4,23244.55,23212.0,23225.55,4180817.0
20-03-2026 14:10,23226.85,23228.55,23192.55,23199.15,4975529.0
20-03-2026 14:15,23200.05,23204.85,23183.45,23200.7,5367186.0
20-03-2026 14:20,23201.8,23205.75,23169.75,23185.4,5652871.0
20-03-2026 14:25,23186.2,23186.2,23164.0,23164.0,5836614.0
20-03-2026 14:30,23164.05,23188.05,23152.0,23176.65,6633680.0
20-03-2026 14:35,23177.6,23177.6,23133.15,23150.25,8214660.0
20-03-2026 14:40,23151.4,23154.8,23097.7,23098.25,9088354.0
20-03-2026 14:45,23099.4,23113.4,23085.5,23104.35,8140595.0
20-03-2026 14:50,23105.75,23107.55,23067.6,23086.6,8076270.0
20-03-2026 14:55,23086.65,23096.15,23077.55,23090.5,6678207.0
20-03-2026 15:00,23091.3,23177.45,23078.6,23139.4,48995530.0
20-03-2026 15:05,23139.25,23156.05,23121.55,23124.45,38717514.0
20-03-2026 15:10,23124.35,23132.8,23088.5,23106.85,41610094.0
20-03-2026 15:15,23106.25,23107.3,23078.7,23092.5,39831154.0
20-03-2026 15:20,23091.65,23139.0,23091.4,23112.9,39718795.0
20-03-2026 15:25,23112.75,23139.8,23105.05,23134.65,29453749.0
23-03-2026 09:15,22824.35,22851.7,22634.55,22687.45,28429570.0
23-03-2026 09:20,22686.25,22737.1,22676.95,22702.6,14341780.0
23-03-2026 09:25,22701.6,22728.25,22699.35,22704.4,9622465.0
23-03-2026 09:30,22702.15,22721.85,22694.85,22713.05,9666013.0
23-03-2026 09:35,22712.45,22742.8,22707.15,22715.3,7997127.0
23-03-2026 09:40,22714.65,22716.7,22691.8,22706.4,7441473.0
23-03-2026 09:45,22706.1,22706.65,22658.8,22663.0,7825384.0
23-03-2026 09:50,22662.05,22665.05,22624.75,22629.05,7839018.0
23-03-2026 09:55,22628.55,22634.35,22592.6,22597.5,9406252.0
23-03-2026 10:00,22597.45,22618.0,22582.3,22616.1,6618040.0
23-03-2026 10:05,22615.2,22633.05,22605.0,22605.65,6692957.0
23-03-2026 10:10,22607.1,22609.2,22571.1,22572.3,5381246.0
23-03-2026 10:15,22571.95,22587.5,22552.95,22554.5,5858994.0
23-03-2026 10:20,22554.3,22559.15,22538.0,22541.6,5487056.0
23-03-2026 10:25,22541.2,22559.6,22530.3,22531.0,4546311.0
23-03-2026 10:30,22530.6,22554.05,22529.05,22537.75,5843459.0
23-03-2026 10:35,22538.2,22581.5,22536.85,22557.95,7466985.0
23-03-2026 10:40,22558.35,22558.35,22536.65,22548.1,5688227.0
23-03-2026 10:45,22548.2,22550.25,22534.0,22547.55,5589007.0
23-03-2026 10:50,22545.75,22545.75,22509.65,22527.1,5850607.0
23-03-2026 10:55,22528.95,22536.75,22516.8,22531.85,5005457.0
23-03-2026 11:00,22531.4,22533.4,22504.15,22533.15,5364888.0
23-03-2026 11:05,22531.95,22583.65,22526.6,22560.35,5332626.0
23-03-2026 11:10,22560.8,22562.45,22546.35,22554.75,4141648.0
23-03-2026 11:15,22554.6,22554.6,22528.0,22534.35,3541802.0
23-03-2026 11:20,22534.25,22556.6,22528.9,22548.0,4428048.0
23-03-2026 11:25,22547.6,22561.45,22536.4,22559.15,4023062.0
23-03-2026 11:30,22557.85,22571.6,22524.95,22532.9,6054609.0
23-03-2026 11:35,22531.75,22542.35,22519.7,22539.6,5028877.0
23-03-2026 11:40,22539.2,22557.45,22508.3,22520.15,3957016.0
23-03-2026 11:45,22518.0,22534.5,22518.0,22532.25,3988622.0
23-03-2026 11:50,22533.15,22563.55,22527.9,22552.75,3997397.0
23-03-2026 11:55,22555.4,22564.0,22539.35,22555.9,4297643.0
23-03-2026 12:00,22556.05,22561.15,22541.95,22546.55,3857114.0
23-03-2026 12:05,22545.7,22554.1,22530.6,22547.75,5627648.0
23-03-2026 12:10,22551.25,22562.35,22533.8,22535.35,3328735.0
23-03-2026 12:15,22534.25,22535.55,22514.45,22528.45,5676537.0
23-03-2026 12:20,22527.3,22527.3,22482.95,22489.55,5013860.0
23-03-2026 12:25,22487.55,22515.05,22478.15,22511.95,6026916.0
23-03-2026 12:30,22514.6,22519.1,22497.7,22518.85,3731037.0
23-03-2026 12:35,22517.7,22551.5,22514.8,22524.9,4111002.0
23-03-2026 12:40,22524.65,22540.6,22510.6,22535.65,3846227.0
23-03-2026 12:45,22534.7,22555.9,22522.75,22543.3,4183394.0
23-03-2026 12:50,22542.45,22543.35,22503.65,22504.25,4780353.0
23-03-2026 12:55,22504.2,22505.5,22481.7,22500.05,4456814.0
23-03-2026 13:00,22499.55,22499.55,22480.25,22480.9,4078056.0
23-03-2026 13:05,22480.15,22508.25,22474.65,22489.05,4720596.0
23-03-2026 13:10,22488.9,22493.15,22471.25,22489.1,4573168.0
23-03-2026 13:15,22489.7,22512.55,22489.45,22494.05,5037789.0
23-03-2026 13:20,22493.75,22514.5,22488.05,22501.85,4751943.0
23-03-2026 13:25,22501.25,22512.05,22482.85,22487.05,5630547.0
23-03-2026 13:30,22487.6,22525.45,22487.15,22517.25,5204419.0
23-03-2026 13:35,22518.05,22529.0,22513.25,22518.05,4812391.0
23-03-2026 13:40,22517.35,22567.35,22513.7,22561.7,6068624.0
23-03-2026 13:45,22558.95,22601.25,22557.6,22598.95,7339829.0
23-03-2026 13:50,22597.95,22629.75,22593.2,22601.35,8246091.0
23-03-2026 13:55,22602.0,22620.55,22599.15,22599.65,9677121.0
23-03-2026 14:00,22598.85,22655.4,22590.45,22644.75,8640959.0
23-03-2026 14:05,22645.7,22661.15,22607.45,22627.45,9702464.0
23-03-2026 14:10,22627.8,22643.35,22610.35,22618.7,7401637.0
23-03-2026 14:15,22619.65,22652.65,22612.25,22641.6,6215946.0
23-03-2026 14:20,22641.35,22656.45,22624.55,22625.55,6268626.0
23-03-2026 14:25,22624.9,22633.7,22591.95,22611.2,8470794.0
23-03-2026 14:30,22608.95,22617.4,22515.25,22526.8,11796063.0
23-03-2026 14:35,22524.8,22591.95,22522.15,22564.05,9359391.0
23-03-2026 14:40,22561.05,22599.1,22541.95,22599.1,10660162.0
23-03-2026 14:45,22596.95,22603.4,22579.05,22596.75,7870939.0
23-03-2026 14:50,22597.9,22646.55,22597.9,22613.85,9703819.0
23-03-2026 14:55,22612.7,22617.4,22586.2,22614.5,10350637.0
23-03-2026 15:00,22614.75,22614.75,22503.05,22503.9,15740208.0
23-03-2026 15:05,22503.55,22531.85,22486.1,22523.85,14920913.0
23-03-2026 15:10,22523.25,22542.45,22505.2,22509.25,13852920.0
23-03-2026 15:15,22509.55,22510.7,22483.85,22485.2,14830501.0
23-03-2026 15:20,22484.25,22495.85,22479.55,22492.4,15151655.0
23-03-2026 15:25,22492.0,22505.35,22478.1,22492.65,12024623.0
24-03-2026 09:15,22878.45,22899.6,22775.2,22785.15,26166792.0
24-03-2026 09:20,22789.8,22817.0,22762.8,22816.7,10736885.0
24-03-2026 09:25,22815.8,22849.25,22811.15,22839.9,9171597.0
24-03-2026 09:30,22839.6,22852.4,22815.2,22815.2,8718410.0
24-03-2026 09:35,22815.6,22827.9,22762.3,22764.3,10606240.0
24-03-2026 09:40,22764.3,22783.1,22731.95,22744.8,7640288.0
24-03-2026 09:45,22747.3,22748.1,22706.35,22718.9,6607479.0
24-03-2026 09:50,22718.75,22737.15,22701.2,22730.7,6580868.0
24-03-2026 09:55,22729.9,22773.65,22725.05,22754.2,6018244.0
24-03-2026 10:00,22753.9,22756.65,22701.85,22705.6,5743266.0
24-03-2026 10:05,22705.7,22719.45,22682.1,22685.15,4305957.0
24-03-2026 10:10,22684.5,22714.85,22681.6,22708.1,6249584.0
24-03-2026 10:15,22706.95,22748.5,22701.55,22731.7,6298109.0
24-03-2026 10:20,22731.4,22766.8,22712.25,22762.15,4497032.0
24-03-2026 10:25,22763.1,22765.8,22725.1,22737.9,6266527.0
24-03-2026 10:30,22738.2,22738.9,22667.75,22667.75,6726641.0
24-03-2026 10:35,22665.6,22667.7,22624.2,22631.8,5824458.0
24-03-2026 10:40,22631.6,22680.65,22630.55,22667.9,5286937.0
24-03-2026 10:45,22667.55,22723.5,22657.0,22692.0,7862603.0
24-03-2026 10:50,22691.9,22707.7,22653.6,22667.25,4841648.0
24-03-2026 10:55,22667.8,22674.25,22629.4,22639.7,4261004.0
24-03-2026 11:00,22639.8,22682.0,22639.8,22678.8,4660078.0
24-03-2026 11:05,22679.75,22689.1,22661.45,22680.9,3988699.0
24-03-2026 11:10,22680.1,22711.05,22678.7,22698.25,3748621.0
24-03-2026 11:15,22699.4,22732.35,22692.8,22730.45,4353350.0
24-03-2026 11:20,22731.8,22746.0,22701.6,22703.15,6568306.0
24-03-2026 11:25,22703.25,22737.2,22689.55,22728.5,4794094.0
24-03-2026 11:30,22729.35,22756.55,22724.5,22753.6,3604081.0
24-03-2026 11:35,22751.65,22770.0,22749.9,22766.2,5118630.0
24-03-2026 11:40,22764.95,22770.15,22738.95,22754.65,4541388.0
24-03-2026 11:45,22754.35,22793.25,22745.85,22769.25,4824889.0
24-03-2026 11:50,22769.2,22795.5,22756.6,22785.55,4222985.0
24-03-2026 11:55,22785.1,22827.8,22784.4,22806.9,5527706.0
24-03-2026 12:00,22806.75,22816.9,22793.8,22796.55,4232172.0
24-03-2026 12:05,22796.4,22796.4,22765.15,22770.1,4054296.0
24-03-2026 12:10,22769.9,22787.75,22760.0,22761.45,3966695.0
24-03-2026 12:15,22761.9,22773.7,22753.35,22757.3,4997608.0
24-03-2026 12:20,22758.0,22883.4,22756.4,22881.5,7385394.0
24-03-2026 12:25,22880.2,22936.5,22822.35,22844.45,11607364.0
24-03-2026 12:30,22844.15,22922.8,22843.4,22922.8,7287407.0
24-03-2026 12:35,22922.3,22954.2,22915.9,22951.0,8181652.0
24-03-2026 12:40,22952.05,22989.2,22937.4,22955.2,6565859.0
24-03-2026 12:45,22956.95,22996.8,22955.3,22993.4,9252069.0
24-03-2026 12:50,22993.35,23026.1,22980.0,23008.5,7445268.0
24-03-2026 12:55,23009.05,23009.05,22952.85,22974.4,7221893.0
24-03-2026 13:00,22974.6,22979.35,22936.45,22941.45,5262941.0
24-03-2026 13:05,22941.9,22956.5,22911.35,22939.0,5690281.0
24-03-2026 13:10,22939.5,22990.5,22935.3,22990.5,4563449.0
24-03-2026 13:15,22990.75,22991.8,22958.4,22987.5,4913822.0
24-03-2026 13:20,22986.7,23012.95,22966.45,22992.05,5267229.0
24-03-2026 13:25,22991.4,23027.25,22983.75,23021.95,4339003.0
24-03-2026 13:30,23021.2,23039.05,22999.85,23034.85,5972502.0
24-03-2026 13:35,23034.7,23057.05,23021.7,23028.95,5381647.0
24-03-2026 13:40,23029.2,23057.3,23022.0,23037.5,5472216.0
24-03-2026 13:45,23037.6,23047.9,22962.9,22962.9,6838342.0
24-03-2026 13:50,22963.65,22992.55,22950.6,22972.7,6362593.0
24-03-2026 13:55,22972.65,22996.55,22971.3,22976.2,4451994.0
24-03-2026 14:00,22975.25,22993.75,22954.25,22970.7,4486288.0
24-03-2026 14:05,22970.65,22992.4,22957.15,22972.5,5120308.0
24-03-2026 14:10,22971.75,22995.75,22971.3,22992.35,4242683.0
24-03-2026 14:15,22993.2,23037.9,22980.05,22981.1,5394931.0
24-03-2026 14:20,22981.2,22996.45,22920.0,22956.75,7324664.0
24-03-2026 14:25,22955.1,22964.3,22932.35,22945.6,5300183.0
24-03-2026 14:30,22945.1,22959.4,22926.4,22948.05,5884829.0
24-03-2026 14:35,22948.15,22954.1,22893.3,22895.95,7140181.0
24-03-2026 14:40,22896.15,22931.95,22882.65,22909.65,6808173.0
24-03-2026 14:45,22909.25,22917.75,22901.6,22914.95,10506895.0
24-03-2026 14:50,22915.9,22916.15,22883.9,22891.85,7433660.0
24-03-2026 14:55,22893.35,22927.15,22889.65,22916.35,7090266.0
24-03-2026 15:00,22914.6,22923.45,22875.35,22909.05,19587878.0
24-03-2026 15:05,22910.1,22932.1,22894.15,22916.55,16408147.0
24-03-2026 15:10,22916.9,22922.85,22898.65,22898.65,15080521.0
24-03-2026 15:15,22901.15,22927.05,22881.3,22919.7,17183446.0
24-03-2026 15:20,22918.85,22932.6,22915.05,22931.35,14381368.0
24-03-2026 15:25,22931.8,22961.7,22931.3,22958.4,10688647.0
25-03-2026 09:15,23064.4,23173.05,23063.2,23162.6,22037672.0
25-03-2026 09:20,23162.2,23202.75,23161.9,23188.5,12952290.0
25-03-2026 09:25,23189.65,23220.8,23188.9,23215.1,9564020.0
25-03-2026 09:30,23214.65,23238.2,23207.8,23233.45,8351896.0
25-03-2026 09:35,23234.85,23239.95,23202.55,23215.9,7913429.0
25-03-2026 09:40,23216.3,23278.05,23204.65,23270.9,7635808.0
25-03-2026 09:45,23272.95,23287.35,23262.05,23270.0,6925863.0
25-03-2026 09:50,23271.4,23289.8,23262.75,23287.7,6502464.0
25-03-2026 09:55,23287.55,23298.25,23269.35,23286.05,6533173.0
25-03-2026 10:00,23287.4,23304.7,23276.95,23280.85,6938977.0
25-03-2026 10:05,23281.7,23291.95,23246.55,23290.15,6282713.0
25-03-2026 10:10,23290.35,23310.35,23284.95,23305.55,5584430.0
25-03-2026 10:15,23306.6,23317.9,23289.95,23295.5,5749198.0
25-03-2026 10:20,23295.45,23313.65,23283.35,23292.2,5043698.0
25-03-2026 10:25,23293.5,23318.55,23291.9,23314.55,5281391.0
25-03-2026 10:30,23313.7,23324.95,23299.95,23310.25,4726517.0
25-03-2026 10:35,23310.4,23319.2,23302.0,23314.95,3669925.0
25-03-2026 10:40,23313.05,23369.6,23312.8,23366.65,5923907.0
25-03-2026 10:45,23366.25,23373.25,23357.0,23360.55,5098427.0
25-03-2026 10:50,23359.3,23378.35,23354.35,23375.8,5105466.0
25-03-2026 10:55,23375.3,23376.25,23357.2,23367.45,3764886.0
25-03-2026 11:00,23366.0,23391.95,23366.0,23384.8,5680301.0
25-03-2026 11:05,23385.1,23432.6,23383.15,23419.35,7479542.0
25-03-2026 11:10,23418.35,23433.7,23415.2,23432.55,5918339.0
25-03-2026 11:15,23432.3,23434.75,23412.45,23417.85,6503397.0
25-03-2026 11:20,23417.75,23423.0,23388.45,23388.75,6519326.0
25-03-2026 11:25,23388.35,23398.65,23377.3,23388.4,5396462.0
25-03-2026 11:30,23391.5,23406.8,23380.0,23389.65,6030211.0
25-03-2026 11:35,23389.25,23394.25,23343.5,23359.1,8396650.0
25-03-2026 11:40,23358.9,23381.45,23355.65,23361.35,5330260.0
25-03-2026 11:45,23361.3,23402.7,23359.4,23390.1,6152466.0
25-03-2026 11:50,23391.85,23416.1,23389.3,23411.4,5103169.0
25-03-2026 11:55,23411.3,23416.35,23390.4,23399.35,4552043.0
25-03-2026 12:00,23399.4,23414.3,23394.5,23411.6,4524735.0
25-03-2026 12:05,23411.85,23422.45,23402.45,23411.75,4675858.0
25-03-2026 12:10,23411.25,23442.35,23408.25,23440.35,4419452.0
25-03-2026 12:15,23439.95,23447.75,23417.85,23441.4,4978764.0
25-03-2026 12:20,23441.75,23449.75,23433.4,23433.95,3662820.0
25-03-2026 12:25,23433.45,23436.3,23421.0,23429.25,4265747.0
25-03-2026 12:30,23429.0,23465.35,23416.55,23448.7,4855421.0
25-03-2026 12:35,23447.55,23458.1,23433.25,23435.55,4178537.0
25-03-2026 12:40,23434.5,23450.95,23430.9,23447.55,4308923.0
25-03-2026 12:45,23447.85,23452.25,23414.35,23418.65,5640425.0
25-03-2026 12:50,23419.45,23420.4,23389.8,23390.25,4652250.0
25-03-2026 12:55,23391.0,23400.85,23372.35,23375.35,4832512.0
25-03-2026 13:00,23374.85,23403.15,23369.7,23399.55,4267802.0
25-03-2026 13:05,23400.5,23420.5,23384.9,23392.3,3834946.0
25-03-2026 13:10,23393.75,23405.0,23390.0,23392.6,2926185.0
25-03-2026 13:15,23392.2,23411.65,23381.5,23381.5,3493658.0
25-03-2026 13:20,23381.0,23397.1,23371.55,23392.6,3439141.0
25-03-2026 13:25,23391.5,23424.3,23391.0,23412.95,3677019.0
25-03-2026 13:30,23414.15,23432.35,23388.1,23423.95,4511347.0
25-03-2026 13:35,23424.5,23439.25,23417.9,23429.5,4029913.0
25-03-2026 13:40,23429.9,23434.9,23420.3,23432.55,4849734.0
25-03-2026 13:45,23432.95,23451.3,23429.2,23444.9,4968062.0
25-03-2026 13:50,23445.75,23462.8,23423.2,23428.55,5946822.0
25-03-2026 13:55,23428.0,23437.1,23419.0,23430.2,4598589.0
25-03-2026 14:00,23430.35,23460.3,23429.2,23443.45,5850449.0
25-03-2026 14:05,23444.5,23447.9,23402.7,23406.3,8358720.0
25-03-2026 14:10,23406.7,23418.7,23387.45,23390.75,4904435.0
25-03-2026 14:15,23390.3,23403.95,23375.45,23375.75,5316269.0
25-03-2026 14:20,23375.8,23385.65,23316.8,23321.4,7811455.0
25-03-2026 14:25,23321.2,23340.85,23314.35,23337.25,6468851.0
25-03-2026 14:30,23337.35,23353.85,23304.5,23338.0,6398556.0
25-03-2026 14:35,23338.8,23348.55,23321.3,23337.6,6423150.0
25-03-2026 14:40,23337.45,23368.05,23336.7,23357.35,5082566.0
25-03-2026 14:45,23357.1,23367.65,23331.45,23344.7,5133458.0
25-03-2026 14:50,23345.1,23350.25,23319.1,23325.05,6534715.0
25-03-2026 14:55,23325.8,23335.25,23318.5,23334.85,6831327.0
25-03-2026 15:00,23332.5,23357.45,23284.1,23330.0,21673114.0
25-03-2026 15:05,23330.05,23330.05,23296.65,23321.65,14000196.0
25-03-2026 15:10,23321.6,23325.4,23299.45,23300.65,18005585.0
25-03-2026 15:15,23302.95,23311.4,23274.6,23274.6,13642381.0
25-03-2026 15:20,23277.85,23296.6,23273.95,23296.6,15808320.0
25-03-2026 15:25,23296.2,23309.0,23287.65,23309.0,12308470.0
25-03-2026 15:30,23305.1,23305.1,23305.1,23305.1,2319005.0
27-03-2026 09:15,23173.55,23186.1,23029.4,23041.8,24923017.0
27-03-2026 09:20,23039.95,23101.15,23025.5,23075.1,13820106.0
27-03-2026 09:25,23072.7,23087.95,23054.55,23056.8,10025638.0
27-03-2026 09:30,23056.55,23063.85,23016.85,23018.35,9128836.0
27-03-2026 09:35,23018.1,23024.15,23000.85,23024.15,6046880.0
27-03-2026 09:40,23024.3,23055.75,23022.35,23053.55,5984111.0
27-03-2026 09:45,23053.1,23054.6,23024.85,23039.25,6007473.0
27-03-2026 09:50,23038.65,23040.1,23014.3,23015.35,8078954.0
27-03-2026 09:55,23014.3,23017.3,22978.45,22992.25,6250259.0
27-03-2026 10:00,22991.45,23034.95,22988.8,23024.85,6144879.0
27-03-2026 10:05,23024.35,23024.35,22998.35,23015.6,6480846.0
27-03-2026 10:10,23015.5,23015.5,22977.25,22980.5,4418861.0
27-03-2026 10:15,22980.9,22986.4,22971.75,22973.35,5146111.0
27-03-2026 10:20,22973.35,23011.25,22967.3,23007.9,5292020.0
27-03-2026 10:25,23007.65,23014.05,22991.35,23006.75,4622342.0
27-03-2026 10:30,23006.55,23038.65,23002.9,23009.4,5928903.0
27-03-2026 10:35,23009.6,23020.4,22996.2,23018.7,4363917.0
27-03-2026 10:40,23018.4,23018.4,22987.0,22989.15,4458683.0
27-03-2026 10:45,22988.35,22989.4,22973.0,22977.9,4488713.0
27-03-2026 10:50,22977.7,22979.65,22948.5,22952.1,5580094.0
27-03-2026 10:55,22952.25,22977.8,22948.1,22973.5,5199159.0
27-03-2026 11:00,22973.4,22997.7,22967.1,22979.15,5978170.0
27-03-2026 11:05,22979.25,22992.85,22972.7,22989.35,4260406.0
27-03-2026 11:10,22990.5,23001.15,22976.8,22990.45,4997052.0
27-03-2026 11:15,22990.9,22992.7,22956.25,22960.15,4990773.0
27-03-2026 11:20,22959.7,22964.0,22946.7,22947.35,5399900.0
27-03-2026 11:25,22948.8,22961.8,22927.3,22934.5,5343536.0
27-03-2026 11:30,22935.3,22952.15,22929.3,22938.95,5953896.0
27-03-2026 11:35,22939.7,22957.0,22934.8,22950.45,5203733.0
27-03-2026 11:40,22951.4,22957.3,22933.1,22950.55,4739376.0
27-03-2026 11:45,22950.8,22957.45,22943.45,22949.25,3848932.0
27-03-2026 11:50,22949.05,22961.8,22946.45,22958.3,4627400.0
27-03-2026 11:55,22958.1,22958.5,22938.8,22946.65,4915336.0
27-03-2026 12:00,22946.0,22946.0,22917.2,22936.85,4769333.0
27-03-2026 12:05,22936.4,22954.25,22932.4,22939.35,4741479.0
27-03-2026 12:10,22938.3,22940.0,22924.5,22934.35,4519819.0
27-03-2026 12:15,22932.95,22934.9,22905.95,22909.2,5349462.0
27-03-2026 12:20,22908.95,22933.2,22905.6,22932.3,4291715.0
27-03-2026 12:25,22932.8,22964.25,22924.05,22962.3,5522555.0
27-03-2026 12:30,22962.8,22963.8,22930.65,22958.0,4430248.0
27-03-2026 12:35,22957.75,22967.55,22950.65,22954.85,4340097.0
27-03-2026 12:40,22954.95,22965.55,22938.95,22964.7,4583510.0
27-03-2026 12:45,22965.0,22966.45,22944.4,22956.8,5109832.0
27-03-2026 12:50,22957.95,22973.2,22939.9,22956.35,4809723.0
27-03-2026 12:55,22956.55,22961.3,22942.2,22945.65,4380536.0
27-03-2026 13:00,22945.05,22952.6,22925.85,22926.6,4633462.0
27-03-2026 13:05,22926.2,22935.9,22925.3,22926.4,4003565.0
27-03-2026 13:10,22926.6,22944.85,22920.0,22943.65,4884300.0
27-03-2026 13:15,22943.15,22992.95,22939.7,22972.75,5517491.0
27-03-2026 13:20,22970.9,22971.0,22945.05,22960.3,4423321.0
27-03-2026 13:25,22961.65,22977.25,22935.75,22936.4,4386848.0
27-03-2026 13:30,22935.8,22937.2,22918.35,22922.6,4185722.0
27-03-2026 13:35,22922.9,22934.15,22909.3,22912.35,3987351.0
27-03-2026 13:40,22911.85,22949.15,22909.45,22930.3,4012893.0
27-03-2026 13:45,22931.35,22937.9,22920.75,22922.95,5249041.0
27-03-2026 13:50,22923.15,22945.3,22920.45,22928.55,4949174.0
27-03-2026 13:55,22929.6,22937.15,22912.75,22922.85,5143337.0
27-03-2026 14:00,22922.9,22930.6,22916.2,22919.9,5491362.0
27-03-2026 14:05,22920.15,22925.0,22895.05,22908.55,7724346.0
27-03-2026 14:10,22909.7,22915.05,22884.5,22911.05,6628393.0
27-03-2026 14:15,22911.65,22917.1,22893.75,22895.5,8246910.0
27-03-2026 14:20,22896.2,22905.35,22882.15,22888.55,6125099.0
27-03-2026 14:25,22891.25,22899.4,22872.1,22885.15,6345595.0
27-03-2026 14:30,22886.65,22886.95,22852.7,22856.7,7054809.0
27-03-2026 14:35,22858.7,22868.2,22831.35,22837.0,6584459.0
27-03-2026 14:40,22837.95,22867.4,22832.45,22852.6,6647986.0
27-03-2026 14:45,22854.35,22864.15,22848.1,22855.2,7199271.0
27-03-2026 14:50,22856.75,22869.2,22848.45,22856.45,7432613.0
27-03-2026 14:55,22858.4,22865.2,22840.4,22846.55,8274683.0
27-03-2026 15:00,22845.0,22845.0,22813.65,22831.3,35047288.0
27-03-2026 15:05,22829.9,22830.9,22812.25,22819.8,32635530.0
27-03-2026 15:10,22821.25,22833.25,22811.2,22814.4,33945465.0
27-03-2026 15:15,22814.8,22820.35,22805.3,22820.35,34350455.0
27-03-2026 15:20,22819.55,22821.3,22804.55,22815.85,33955593.0
27-03-2026 15:25,22814.85,22839.5,22807.75,22839.5,25933501.0
30-03-2026 09:15,22549.65,22618.05,22470.15,22522.45,39716329.0
30-03-2026 09:20,22521.2,22551.4,22500.1,22529.3,19091932.0
30-03-2026 09:25,22526.1,22590.4,22516.9,22580.75,14535816.0
30-03-2026 09:30,22581.4,22685.55,22576.75,22683.6,13729781.0
30-03-2026 09:35,22681.55,22714.1,22661.9,22677.4,10057777.0
30-03-2026 09:40,22675.8,22703.7,22652.65,22659.25,7891297.0
30-03-2026 09:45,22659.55,22690.0,22628.85,22630.45,8764212.0
30-03-2026 09:50,22630.2,22665.3,22617.2,22618.5,6588483.0
30-03-2026 09:55,22617.95,22629.8,22596.95,22615.3,5924661.0
30-03-2026 10:00,22614.7,22665.5,22604.7,22651.2,6593938.0
30-03-2026 10:05,22650.05,22650.05,22594.05,22601.6,6393379.0
30-03-2026 10:10,22600.2,22600.2,22556.6,22596.75,7096752.0
30-03-2026 10:15,22595.9,22603.95,22553.5,22556.3,5077322.0
30-03-2026 10:20,22555.3,22564.55,22537.65,22544.35,6851158.0
30-03-2026 10:25,22542.65,22564.0,22534.75,22534.75,5973949.0
30-03-2026 10:30,22535.45,22540.25,22519.2,22529.15,5449743.0
30-03-2026 10:35,22528.5,22549.5,22526.25,22538.3,5972237.0
30-03-2026 10:40,22538.85,22554.6,22512.25,22514.55,4865463.0
30-03-2026 10:45,22513.3,22535.05,22509.45,22527.35,4487728.0
30-03-2026 10:50,22528.0,22538.3,22491.4,22493.35,5412969.0
30-03-2026 10:55,22493.25,22524.2,22478.35,22490.2,5921090.0
30-03-2026 11:00,22489.6,22509.05,22483.65,22504.3,4450912.0
30-03-2026 11:05,22503.45,22509.3,22472.3,22472.3,5250544.0
30-03-2026 11:10,22471.45,22482.1,22454.0,22478.55,5873638.0
30-03-2026 11:15,22479.25,22483.5,22466.9,22481.3,3800644.0
30-03-2026 11:20,22480.35,22486.85,22467.5,22482.35,5242950.0
30-03-2026 11:25,22481.25,22488.25,22465.8,22468.2,5266019.0
30-03-2026 11:30,22468.1,22506.3,22457.35,22503.8,5064098.0
30-03-2026 11:35,22503.3,22535.8,22503.2,22516.25,6994085.0
30-03-2026 11:40,22515.05,22519.15,22484.75,22486.65,4765444.0
30-03-2026 11:45,22485.7,22485.7,22460.4,22464.55,6318033.0
30-03-2026 11:50,22465.05,22480.25,22453.0,22478.6,5211008.0
30-03-2026 11:55,22477.7,22489.85,22468.15,22484.0,5103015.0
30-03-2026 12:00,22483.15,22560.6,22480.3,22549.35,7776607.0
30-03-2026 12:05,22549.05,22594.5,22545.65,22558.3,8776604.0
30-03-2026 12:10,22557.55,22578.1,22553.8,22567.1,5386521.0
30-03-2026 12:15,22566.9,22577.45,22550.85,22555.3,4991626.0
30-03-2026 12:20,22555.35,22594.1,22531.05,22531.3,5287895.0
30-03-2026 12:25,22531.15,22534.6,22502.85,22519.15,5629290.0
30-03-2026 12:30,22519.85,22523.5,22508.0,22517.4,4286594.0
30-03-2026 12:35,22516.65,22569.45,22514.05,22565.6,6304109.0
30-03-2026 12:40,22564.65,22579.3,22555.8,22557.05,4526402.0
30-03-2026 12:45,22557.35,22560.7,22530.55,22530.55,4126928.0
30-03-2026 12:50,22530.1,22533.05,22484.05,22503.95,5394505.0
30-03-2026 12:55,22501.75,22506.7,22491.75,22505.8,3435074.0
30-03-2026 13:00,22506.1,22511.4,22486.15,22491.35,4228214.0
30-03-2026 13:05,22490.85,22504.9,22485.35,22495.8,4452158.0
30-03-2026 13:10,22495.3,22506.95,22481.45,22499.2,3950555.0
30-03-2026 13:15,22498.55,22516.35,22479.1,22484.95,4729278.0
30-03-2026 13:20,22485.3,22495.05,22482.2,22484.35,4808759.0
30-03-2026 13:25,22484.25,22486.4,22456.55,22476.45,5278089.0
30-03-2026 13:30,22476.2,22486.05,22464.05,22485.8,4301948.0
30-03-2026 13:35,22485.6,22502.1,22474.25,22493.65,4894000.0
30-03-2026 13:40,22494.35,22500.5,22454.85,22462.05,5781366.0
30-03-2026 13:45,22461.15,22468.15,22446.55,22448.0,4787840.0
30-03-2026 13:50,22445.55,22452.9,22420.25,22422.1,5967790.0
30-03-2026 13:55,22420.95,22441.6,22420.0,22428.8,6759923.0
30-03-2026 14:00,22428.1,22487.2,22423.75,22462.3,7597358.0
30-03-2026 14:05,22461.2,22475.85,22449.45,22449.45,5813032.0
30-03-2026 14:10,22449.05,22451.9,22417.95,22420.5,5960865.0
30-03-2026 14:15,22420.2,22425.35,22409.3,22411.55,5748000.0
30-03-2026 14:20,22412.35,22431.85,22383.2,22388.0,7995547.0
30-03-2026 14:25,22386.0,22394.4,22375.8,22378.05,6344358.0
30-03-2026 14:30,22376.55,22410.6,22359.55,22362.5,11472299.0
30-03-2026 14:35,22361.4,22378.5,22350.65,22362.9,9584085.0
30-03-2026 14:40,22363.45,22383.9,22358.7,22366.8,8073013.0
30-03-2026 14:45,22365.6,22383.4,22340.05,22362.0,9756171.0
30-03-2026 14:50,22361.35,22376.9,22344.7,22348.5,8093026.0
30-03-2026 14:55,22347.7,22357.8,22337.8,22349.95,8381660.0
30-03-2026 15:00,22348.5,22348.5,22283.85,22291.2,45193319.0
30-03-2026 15:05,22291.2,22307.7,22289.1,22299.4,33927553.0
30-03-2026 15:10,22297.1,22342.0,22295.45,22335.6,35411277.0
30-03-2026 15:15,22335.45,22356.55,22325.15,22341.8,36552798.0
30-03-2026 15:20,22342.3,22381.25,22341.85,22377.45,32575287.0
30-03-2026 15:25,22376.0,22391.0,22359.15,22379.2,27202755.0
01-04-2026 09:15,22899.0,22902.25,22809.0,22887.0,37590637.0
01-04-2026 09:20,22888.6,22903.95,22872.55,22899.55,14711134.0
01-04-2026 09:25,22900.0,22930.4,22898.25,22929.75,9653922.0
01-04-2026 09:30,22928.55,22937.65,22845.45,22854.5,13629660.0
01-04-2026 09:35,22853.25,22854.0,22824.15,22828.1,10726991.0
01-04-2026 09:40,22828.5,22873.7,22827.4,22854.95,8576733.0
01-04-2026 09:45,22851.45,22898.1,22848.5,22897.55,9023763.0
01-04-2026 09:50,22897.75,22932.1,22896.2,22915.15,9629127.0
01-04-2026 09:55,22914.95,22919.1,22885.0,22893.15,8272513.0
01-04-2026 10:00,22892.9,22941.3,22890.45,22927.15,8102107.0
01-04-2026 10:05,22927.55,22932.0,22905.1,22906.8,5396782.0
01-04-2026 10:10,22907.45,22907.45,22862.55,22868.85,5803854.0
01-04-2026 10:15,22867.9,22878.85,22857.4,22871.15,5975481.0
01-04-2026 10:20,22871.7,22879.45,22822.05,22828.35,6640598.0
01-04-2026 10:25,22827.85,22828.15,22771.65,22796.5,7471003.0
01-04-2026 10:30,22797.1,22816.3,22778.35,22796.0,4697139.0
01-04-2026 10:35,22796.4,22816.4,22796.15,22813.8,4358793.0
01-04-2026 10:40,22813.15,22815.0,22787.35,22807.5,4910420.0
01-04-2026 10:45,22808.6,22820.25,22791.9,22797.15,4462530.0
01-04-2026 10:50,22797.6,22802.05,22783.45,22789.85,4041534.0
01-04-2026 10:55,22791.5,22791.5,22769.5,22770.75,5651906.0
01-04-2026 11:00,22771.35,22771.35,22743.6,22749.1,4686538.0
01-04-2026 11:05,22748.7,22786.0,22738.25,22770.55,5166053.0
01-04-2026 11:10,22771.2,22791.65,22758.1,22763.75,4194651.0
01-04-2026 11:15,22763.55,22767.55,22747.7,22767.2,4680386.0
01-04-2026 11:20,22766.8,22782.8,22764.9,22781.65,3674634.0
01-04-2026 11:25,22781.5,22800.65,22781.5,22790.1,5719739.0
01-04-2026 11:30,22788.85,22811.65,22786.45,22798.5,7697413.0
01-04-2026 11:35,22797.9,22814.35,22788.85,22813.45,5509703.0
01-04-2026 11:40,22813.5,22822.65,22798.2,22799.15,4587893.0
01-04-2026 11:45,22797.65,22798.65,22743.65,22754.1,6574773.0
01-04-2026 11:50,22751.95,22765.0,22742.6,22745.6,5773476.0
01-04-2026 11:55,22743.2,22778.15,22736.6,22775.9,4237244.0
01-04-2026 12:00,22774.1,22841.15,22774.1,22838.75,6234704.0
01-04-2026 12:05,22834.55,22842.4,22827.0,22839.15,7166616.0
01-04-2026 12:10,22837.8,22864.6,22828.15,22859.3,4844269.0
01-04-2026 12:15,22857.75,22864.2,22834.7,22837.75,5522478.0
01-04-2026 12:20,22836.3,22841.95,22825.55,22831.4,3608233.0
01-04-2026 12:25,22829.55,22836.95,22817.85,22832.8,3808610.0
01-04-2026 12:30,22831.0,22847.4,22824.25,22829.5,3698636.0
01-04-2026 12:35,22827.95,22842.7,22816.55,22842.5,3809422.0
01-04-2026 12:40,22841.55,22856.35,22829.55,22834.6,4573482.0
01-04-2026 12:45,22834.95,22881.1,22833.85,22868.65,4283114.0
01-04-2026 12:50,22868.45,22875.55,22860.4,22873.55,3542855.0
01-04-2026 12:55,22873.05,22874.35,22855.7,22862.05,3942558.0
01-04-2026 13:00,22862.1,22873.6,22855.5,22864.6,3957966.0
01-04-2026 13:05,22864.9,22878.55,22862.1,22869.15,3320136.0
01-04-2026 13:10,22868.95,22883.4,22842.7,22883.3,4006006.0
01-04-2026 13:15,22883.2,22897.95,22839.85,22843.0,4434508.0
01-04-2026 13:20,22843.0,22843.5,22805.6,22810.6,4959707.0
01-04-2026 13:25,22810.55,22812.45,22795.0,22807.95,4834773.0
01-04-2026 13:30,22808.35,22808.35,22760.1,22776.75,4568019.0
01-04-2026 13:35,22776.25,22776.35,22748.5,22764.75,5300989.0
01-04-2026 13:40,22763.9,22763.9,22648.35,22675.15,9560350.0
01-04-2026 13:45,22674.85,22720.5,22658.7,22703.2,5719855.0
01-04-2026 13:50,22702.45,22708.6,22691.5,22697.95,4255222.0
01-04-2026 13:55,22697.55,22725.9,22690.5,22703.65,3617815.0
01-04-2026 14:00,22703.75,22730.5,22688.2,22720.8,3378829.0
01-04-2026 14:05,22720.65,22739.85,22715.45,22737.25,4274492.0
01-04-2026 14:10,22739.0,22756.6,22727.9,22753.0,3931101.0
01-04-2026 14:15,22754.35,22756.8,22723.75,22742.05,3188502.0
01-04-2026 14:20,22741.35,22743.1,22709.95,22723.4,4344004.0
01-04-2026 14:25,22723.15,22736.0,22717.0,22733.4,3454919.0
01-04-2026 14:30,22734.55,22734.9,22704.45,22709.15,4757139.0
01-04-2026 14:35,22708.25,22709.35,22665.2,22667.75,5287358.0
01-04-2026 14:40,22666.2,22678.55,22641.3,22662.65,5724830.0
01-04-2026 14:45,22660.6,22662.5,22618.6,22641.2,6145103.0
01-04-2026 14:50,22640.9,22666.75,22629.8,22657.2,5785210.0
01-04-2026 14:55,22656.8,22685.35,22644.85,22647.8,6226331.0
01-04-2026 15:00,22651.25,22692.55,22651.25,22676.75,13131949.0
01-04-2026 15:05,22676.95,22684.4,22669.9,22682.1,10859383.0
01-04-2026 15:10,22682.75,22691.3,22670.05,22671.65,13824565.0
01-04-2026 15:15,22671.1,22688.5,22668.6,22681.1,12488621.0
01-04-2026 15:20,22681.25,22683.9,22672.95,22683.5,13275577.0
01-04-2026 15:25,22683.55,22706.3,22674.6,22703.15,12635027.0
02-04-2026 09:15,22383.4,22394.65,22209.15,22228.0,22220767.0
02-04-2026 09:20,22226.35,22255.95,22215.6,22252.15,9453537.0
02-04-2026 09:25,22251.45,22261.6,22236.35,22244.45,7956809.0
02-04-2026 09:30,22244.35,22268.75,22239.45,22255.4,7544665.0
02-04-2026 09:35,22255.4,22290.75,22244.0,22251.45,6590489.0
02-04-2026 09:40,22249.9,22278.1,22244.0,22264.45,6024787.0
02-04-2026 09:45,22264.2,22273.2,22227.35,22235.65,5790127.0
02-04-2026 09:50,22235.7,22241.7,22212.7,22221.15,5189675.0
02-04-2026 09:55,22220.8,22227.55,22205.55,22206.5,4366244.0
02-04-2026 10:00,22206.8,22229.8,22189.15,22216.1,5797648.0
02-04-2026 10:05,22215.5,22215.5,22184.0,22186.35,8485887.0
02-04-2026 10:10,22186.4,22236.65,22182.55,22234.35,5201714.0
02-04-2026 10:15,22234.5,22234.5,22190.65,22206.55,4637388.0
02-04-2026 10:20,22206.8,22226.5,22189.45,22191.3,3977627.0
02-04-2026 10:25,22189.75,22221.4,22188.95,22217.65,5370770.0
02-04-2026 10:30,22216.85,22229.0,22208.5,22214.0,3274478.0
02-04-2026 10:35,22213.4,22224.35,22206.8,22221.35,3605170.0
02-04-2026 10:40,22219.95,22236.2,22215.1,22221.4,4020236.0
02-04-2026 10:45,22221.2,22225.1,22189.45,22206.35,4597330.0
02-04-2026 10:50,22204.85,22237.45,22199.25,22226.6,3861356.0
02-04-2026 10:55,22225.6,22249.5,22220.3,22243.7,4006235.0
02-04-2026 11:00,22242.95,22250.2,22230.3,22234.85,4201015.0
02-04-2026 11:05,22236.3,22243.35,22222.4,22235.7,5839715.0
02-04-2026 11:10,22233.4,22235.05,22217.95,22227.65,4877603.0
02-04-2026 11:15,22225.85,22231.3,22206.05,22217.65,4507099.0
02-04-2026 11:20,22216.6,22220.55,22206.25,22212.0,8959707.0
02-04-2026 11:25,22209.0,22222.75,22202.75,22207.6,3236121.0
02-04-2026 11:30,22206.5,22224.1,22203.7,22219.8,4465685.0
02-04-2026 11:35,22218.9,22239.2,22218.3,22234.4,3507585.0
02-04-2026 11:40,22234.75,22237.25,22221.4,22223.15,5612510.0
02-04-2026 11:45,22224.3,22251.05,22223.1,22242.0,3928512.0
02-04-2026 11:50,22242.65,22256.75,22241.65,22247.4,3541132.0
02-04-2026 11:55,22246.05,22300.6,22243.6,22277.55,5036246.0
02-04-2026 12:00,22277.2,22288.75,22260.4,22271.25,4172712.0
02-04-2026 12:05,22269.5,22270.2,22244.55,22264.3,4591562.0
02-04-2026 12:10,22263.15,22277.4,22259.05,22267.85,2633288.0
02-04-2026 12:15,22266.95,22272.45,22256.9,22261.45,3171935.0
02-04-2026 12:20,22261.35,22266.2,22231.25,22261.65,3592235.0
02-04-2026 12:25,22258.9,22295.0,22255.7,22294.5,2977990.0
02-04-2026 12:30,22293.2,22319.45,22285.15,22316.55,5920700.0
02-04-2026 12:35,22316.45,22360.75,22307.7,22349.3,5539713.0
02-04-2026 12:40,22349.7,22368.1,22334.3,22363.05,4503075.0
02-04-2026 12:45,22363.3,22367.05,22336.65,22350.9,5437394.0
02-04-2026 12:50,22351.15,22362.95,22323.55,22326.25,4579392.0
02-04-2026 12:55,22325.2,22371.7,22325.2,22365.3,7124211.0
02-04-2026 13:00,22364.85,22406.0,22364.85,22373.35,6400857.0
02-04-2026 13:05,22372.9,22378.75,22330.9,22376.8,5219880.0
02-04-2026 13:10,22375.9,22376.9,22355.35,22369.85,3428894.0
02-04-2026 13:15,22368.5,22394.65,22360.3,22388.45,4175162.0
02-04-2026 13:20,22388.55,22439.65,22385.65,22439.65,6687122.0
02-04-2026 13:25,22439.75,22489.05,22421.05,22488.25,6539310.0
02-04-2026 13:30,22488.45,22502.85,22458.0,22491.8,6445718.0
02-04-2026 13:35,22491.0,22523.0,22465.15,22517.8,4900956.0
02-04-2026 13:40,22519.15,22543.5,22513.4,22535.65,5050447.0
02-04-2026 13:45,22537.8,22561.55,22524.5,22533.8,4528884.0
02-04-2026 13:50,22533.55,22560.2,22519.1,22532.05,5281024.0
02-04-2026 13:55,22530.15,22538.45,22493.8,22530.35,5950008.0
02-04-2026 14:00,22529.45,22561.8,22519.85,22560.0,4591517.0
02-04-2026 14:05,22558.9,22573.3,22537.3,22567.95,5543244.0
02-04-2026 14:10,22566.7,22628.8,22566.4,22627.25,6571218.0
02-04-2026 14:15,22625.85,22673.15,22618.4,22651.95,8396228.0
02-04-2026 14:20,22651.55,22675.4,22637.75,22673.85,6065026.0
02-04-2026 14:25,22672.55,22684.7,22645.85,22665.65,5949847.0
02-04-2026 14:30,22665.55,22706.65,22656.6,22690.35,6462042.0
02-04-2026 14:35,22692.9,22694.5,22620.95,22630.85,6884376.0
02-04-2026 14:40,22632.25,22639.6,22572.85,22584.6,10245308.0
02-04-2026 14:45,22584.4,22634.95,22569.15,22615.5,5896762.0
02-04-2026 14:50,22614.9,22663.6,22609.9,22659.1,5957816.0
02-04-2026 14:55,22659.15,22667.15,22641.65,22658.3,5406394.0
02-04-2026 15:00,22659.0,22697.35,22650.8,22689.85,20722568.0
02-04-2026 15:05,22690.35,22747.35,22686.95,22746.65,17944722.0
02-04-2026 15:10,22747.9,22761.95,22733.5,22760.4,16738702.0
02-04-2026 15:15,22761.95,22782.3,22715.6,22717.65,19213553.0
02-04-2026 15:20,22717.95,22724.35,22673.6,22690.45,17841403.0
02-04-2026 15:25,22691.3,22711.5,22678.5,22700.7,12487197.0
02-04-2026 15:30,22700.7,22700.7,22700.7,22700.7,1264543.0
06-04-2026 09:15,22780.3,22798.25,22591.7,22666.05,20467152.0
06-04-2026 09:20,22671.3,22714.35,22646.7,22653.55,11065779.0
06-04-2026 09:25,22657.25,22661.95,22602.2,22609.05,8302065.0
06-04-2026 09:30,22604.85,22684.85,22596.5,22681.05,8570625.0
06-04-2026 09:35,22681.7,22746.9,22678.2,22704.35,10910779.0
06-04-2026 09:40,22704.85,22714.35,22602.2,22620.2,8919029.0
06-04-2026 09:45,22620.2,22636.35,22589.9,22589.9,6091297.0
06-04-2026 09:50,22591.1,22603.25,22567.85,22573.0,5705301.0
06-04-2026 09:55,22571.1,22586.55,22566.65,22569.3,4299790.0
06-04-2026 10:00,22569.1,22591.6,22561.9,22589.6,5472994.0
06-04-2026 10:05,22590.45,22632.05,22586.0,22614.95,4370404.0
06-04-2026 10:10,22615.85,22656.8,22597.25,22654.85,7292710.0
06-04-2026 10:15,22659.8,22679.7,22613.3,22638.6,6135746.0
06-04-2026 10:20,22639.5,22662.8,22637.0,22640.55,4114915.0
06-04-2026 10:25,22638.35,22645.0,22591.3,22634.45,5541362.0
06-04-2026 10:30,22634.05,22640.4,22598.85,22636.8,3172188.0
06-04-2026 10:35,22637.7,22661.85,22634.45,22661.0,4733398.0
06-04-2026 10:40,22661.7,22662.65,22627.3,22653.5,4427100.0
06-04-2026 10:45,22653.95,22663.25,22641.15,22657.0,4319376.0
06-04-2026 10:50,22657.3,22669.2,22610.25,22617.4,5719680.0
06-04-2026 10:55,22618.7,22651.3,22609.6,22635.85,4660920.0
06-04-2026 11:00,22635.6,22635.8,22587.85,22590.05,5014753.0
06-04-2026 11:05,22590.3,22603.3,22577.4,22588.55,4551092.0
06-04-2026 11:10,22587.4,22587.4,22542.95,22567.8,5444495.0
06-04-2026 11:15,22567.45,22611.95,22558.65,22611.95,4109283.0
06-04-2026 11:20,22611.35,22635.65,22597.1,22613.95,3710570.0
06-04-2026 11:25,22615.05,22629.55,22596.75,22629.3,3102322.0
06-04-2026 11:30,22629.15,22633.1,22595.9,22610.05,3618565.0
06-04-2026 11:35,22610.2,22647.95,22606.2,22618.85,3224067.0
06-04-2026 11:40,22619.6,22650.6,22604.9,22644.4,2789732.0
06-04-2026 11:45,22644.3,22663.3,22634.55,22645.7,3201339.0
06-04-2026 11:50,22646.2,22675.25,22644.8,22668.2,3257248.0
06-04-2026 11:55,22669.0,22707.8,22665.7,22676.4,4864149.0
06-04-2026 12:00,22678.05,22684.8,22663.75,22667.85,3497980.0
06-04-2026 12:05,22667.95,22691.95,22664.75,22673.6,3944494.0
06-04-2026 12:10,22673.0,22680.75,22659.4,22659.6,2953705.0
06-04-2026 12:15,22660.35,22672.45,22653.1,22660.2,3358624.0
06-04-2026 12:20,22661.7,22731.1,22659.25,22700.8,7953559.0
06-04-2026 12:25,22702.0,22727.95,22699.25,22713.4,3675815.0
06-04-2026 12:30,22713.55,22714.9,22648.35,22650.1,4781970.0
06-04-2026 12:35,22649.4,22682.6,22644.45,22667.7,4508898.0
06-04-2026 12:40,22667.95,22684.8,22652.65,22675.65,4156986.0
06-04-2026 12:45,22676.2,22757.0,22675.45,22757.0,5257585.0
06-04-2026 12:50,22757.0,22785.3,22746.55,22775.25,6150728.0
06-04-2026 12:55,22776.15,22804.0,22774.3,22802.45,5240498.0
06-04-2026 13:00,22804.1,22814.4,22758.45,22767.4,5399348.0
06-04-2026 13:05,22769.05,22806.95,22768.4,22806.0,3929857.0
06-04-2026 13:10,22807.25,22865.25,22806.2,22860.7,6447597.0
06-04-2026 13:15,22861.3,22876.1,22844.85,22864.2,5175441.0
06-04-2026 13:20,22864.4,22898.95,22863.15,22878.4,4971444.0
06-04-2026 13:25,22878.5,22881.15,22843.85,22860.2,3988696.0
06-04-2026 13:30,22863.65,22893.6,22862.95,22884.85,3956945.0
06-04-2026 13:35,22885.7,22900.55,22863.4,22863.4,3679524.0
06-04-2026 13:40,22863.45,22877.75,22843.5,22850.9,4886441.0
06-04-2026 13:45,22852.7,22874.35,22843.8,22843.8,3952070.0
06-04-2026 13:50,22845.8,22886.75,22843.4,22882.7,3419997.0
06-04-2026 13:55,22883.0,22887.4,22859.6,22862.8,3495210.0
06-04-2026 14:00,22862.45,22898.7,22861.75,22890.55,4711947.0
06-04-2026 14:05,22890.7,22898.65,22865.95,22866.05,3845305.0
06-04-2026 14:10,22866.9,22913.4,22865.95,22911.4,4343041.0
06-04-2026 14:15,22911.65,22929.7,22897.65,22914.95,6753346.0
06-04-2026 14:20,22916.15,22928.5,22907.25,22907.25,4912054.0
06-04-2026 14:25,22908.0,22913.3,22881.4,22895.45,5038516.0
06-04-2026 14:30,22896.65,22925.85,22896.65,22922.25,5123755.0
06-04-2026 14:35,22923.1,22940.7,22902.65,22918.0,6148279.0
06-04-2026 14:40,22918.65,22928.5,22904.15,22913.8,3945316.0
06-04-2026 14:45,22914.3,22928.65,22911.55,22922.0,4372798.0
06-04-2026 14:50,22924.2,22929.25,22905.3,22911.15,6472923.0
06-04-2026 14:55,22910.6,22930.3,22886.3,22917.15,8330054.0
06-04-2026 15:00,22917.05,22969.05,22912.6,22959.65,11163815.0
06-04-2026 15:05,22960.2,22977.4,22959.75,22975.35,8491356.0
06-04-2026 15:10,22974.65,22998.35,22965.35,22989.35,9210950.0
06-04-2026 15:15,22990.3,22991.2,22967.05,22970.9,10774231.0
06-04-2026 15:20,22970.85,22972.95,22957.95,22969.85,9982934.0
06-04-2026 15:25,22969.9,22972.2,22954.2,22959.45,8901411.0
06-04-2026 15:30,22959.45,22959.45,22959.45,22959.45,1289799.0
07-04-2026 09:15,22838.7,22843.95,22719.3,22773.05,18419108.0
07-04-2026 09:20,22773.75,22825.8,22758.75,22802.15,10805251.0
07-04-2026 09:25,22804.65,22893.4,22801.3,22889.85,8538546.0
07-04-2026 09:30,22891.45,22901.05,22856.75,22858.35,7391772.0
07-04-2026 09:35,22860.2,22880.35,22837.65,22851.25,6162632.0
07-04-2026 09:40,22854.9,22868.5,22793.0,22801.8,6934553.0
07-04-2026 09:45,22803.25,22863.0,22803.25,22818.25,5905646.0
07-04-2026 09:50,22819.7,22853.85,22811.25,22841.4,4435543.0
07-04-2026 09:55,22843.95,22892.65,22842.45,22886.15,5832203.0
07-04-2026 10:00,22889.35,22923.5,22879.3,22913.9,8839685.0
07-04-2026 10:05,22914.45,22928.7,22893.75,22897.5,4148965.0
07-04-2026 10:10,22899.5,22923.55,22887.0,22920.0,3762869.0
07-04-2026 10:15,22921.8,22952.2,22917.45,22943.2,4881185.0
07-04-2026 10:20,22945.75,22966.6,22915.85,22926.45,5452274.0
07-04-2026 10:25,22928.8,22945.7,22922.8,22943.65,3637216.0
07-04-2026 10:30,22944.5,22947.9,22910.45,22913.7,3222146.0
07-04-2026 10:35,22915.9,22929.95,22887.6,22928.75,3177493.0
07-04-2026 10:40,22930.65,22965.25,22928.2,22958.85,4159661.0
07-04-2026 10:45,22960.3,22960.95,22924.0,22931.75,4010601.0
07-04-2026 10:50,22933.2,22933.5,22862.4,22879.2,5415837.0
07-04-2026 10:55,22881.1,22904.05,22834.65,22843.95,5432264.0
07-04-2026 11:00,22845.1,22864.35,22827.75,22850.55,5951970.0
07-04-2026 11:05,22853.85,22886.7,22844.8,22864.95,6399612.0
07-04-2026 11:10,22867.6,22878.95,22848.4,22862.5,6153692.0
07-04-2026 11:15,22866.05,22903.15,22852.15,22893.7,5525582.0
07-04-2026 11:20,22895.0,22928.2,22887.5,22927.5,5432879.0
07-04-2026 11:25,22928.8,22947.0,22920.95,22943.6,4711102.0
07-04-2026 11:30,22943.5,22946.4,22933.1,22943.95,4698084.0
07-04-2026 11:35,22944.5,22960.25,22927.6,22944.25,5014084.0
07-04-2026 11:40,22945.05,22945.05,22911.75,22921.25,4385705.0
07-04-2026 11:45,22922.4,22928.0,22903.8,22917.1,3412617.0
07-04-2026 11:50,22918.7,22943.1,22917.1,22942.95,2401798.0
07-04-2026 11:55,22944.35,22991.7,22943.45,22984.7,4785245.0
07-04-2026 12:00,22986.2,22987.75,22943.2,22944.4,5410820.0
07-04-2026 12:05,22945.85,22950.3,22926.0,22949.05,2784486.0
07-04-2026 12:10,22950.5,22950.5,22906.25,22942.55,4097708.0
07-04-2026 12:15,22939.95,22947.25,22922.5,22929.95,3020826.0
07-04-2026 12:20,22931.85,22932.65,22905.7,22912.75,2975974.0
07-04-2026 12:25,22914.95,22929.3,22909.45,22924.75,4692794.0
07-04-2026 12:30,22926.2,22945.35,22920.3,22934.85,3467776.0
07-04-2026 12:35,22937.55,22946.3,22924.45,22946.3,3077920.0
07-04-2026 12:40,22947.2,22951.9,22933.1,22946.05,2397433.0
07-04-2026 12:45,22947.2,22948.85,22931.5,22942.8,2803251.0
07-04-2026 12:50,22944.8,22952.05,22925.25,22939.85,5154823.0
07-04-2026 12:55,22940.5,22944.6,22912.5,22915.9,3476868.0
07-04-2026 13:00,22917.4,22942.2,22907.85,22937.7,3337636.0
07-04-2026 13:05,22939.7,22939.7,22911.35,22912.75,3940527.0
07-04-2026 13:10,22914.1,22956.05,22906.15,22938.85,5183040.0
07-04-2026 13:15,22941.65,22970.7,22940.5,22967.3,3362738.0
07-04-2026 13:20,22969.3,22969.3,22948.55,22954.25,3535005.0
07-04-2026 13:25,22954.75,22961.1,22933.75,22959.95,2784636.0
07-04-2026 13:30,22961.9,23045.4,22961.8,23012.8,7460209.0
07-04-2026 13:35,23014.15,23033.1,23003.15,23030.2,3684748.0
07-04-2026 13:40,23031.1,23062.4,23016.55,23056.05,4678947.0
07-04-2026 13:45,23057.5,23063.55,23017.75,23020.75,4824489.0
07-04-2026 13:50,23022.2,23044.1,22995.05,23026.95,5285623.0
07-04-2026 13:55,23029.0,23032.7,22960.05,22977.7,5104038.0
07-04-2026 14:00,22979.9,23020.55,22974.1,23013.55,4207264.0
07-04-2026 14:05,23016.4,23022.65,22993.9,23015.55,3975806.0
07-04-2026 14:10,23016.15,23018.35,22986.05,23011.95,4641487.0
07-04-2026 14:15,23014.55,23026.15,22994.8,22996.6,4719579.0
07-04-2026 14:20,22998.9,23011.8,22982.15,23004.8,4054705.0
07-04-2026 14:25,23005.95,23025.4,22999.05,23014.1,3565867.0
07-04-2026 14:30,23015.0,23049.95,23012.95,23034.2,5232153.0
07-04-2026 14:35,23036.05,23036.45,22989.45,23001.3,5117221.0
07-04-2026 14:40,23004.25,23041.15,23003.45,23028.6,6239563.0
07-04-2026 14:45,23031.4,23055.3,23020.7,23044.55,5041490.0
07-04-2026 14:50,23046.4,23068.95,23045.2,23060.05,6465376.0
07-04-2026 14:55,23064.6,23101.4,23064.2,23096.7,12189413.0
07-04-2026 15:00,23096.85,23130.25,23076.5,23118.55,23194966.0
07-04-2026 15:05,23117.95,23134.8,23102.15,23127.0,24326254.0
07-04-2026 15:10,23125.0,23130.0,23099.35,23109.25,19711541.0
07-04-2026 15:15,23109.4,23142.3,23106.1,23123.45,22171684.0
07-04-2026 15:20,23125.35,23145.15,23123.1,23135.35,19731855.0
07-04-2026 15:25,23137.05,23153.85,23124.15,23129.95,14369007.0
08-04-2026 09:15,23855.15,23938.85,23828.5,23899.95,55004149.0
08-04-2026 09:20,23898.0,23928.1,23859.8,23863.35,25769760.0
08-04-2026 09:25,23862.95,23893.65,23855.2,23877.75,19854352.0
08-04-2026 09:30,23877.85,23909.35,23875.9,23879.95,18056036.0
08-04-2026 09:35,23879.9,23916.2,23879.9,23913.35,17791150.0
08-04-2026 09:40,23914.05,23921.35,23899.5,23921.05,15387442.0
08-04-2026 09:45,23920.15,23961.1,23920.15,23940.95,15313801.0
08-04-2026 09:50,23943.75,23961.25,23912.55,23922.05,13764838.0
08-04-2026 09:55,23922.45,23936.6,23891.85,23896.9,10566859.0
08-04-2026 10:00,23898.8,23923.9,23892.85,23900.4,9966413.0
08-04-2026 10:05,23903.15,23935.1,23893.15,23902.0,8240155.0
08-04-2026 10:10,23901.85,23903.4,23878.6,23880.45,8326819.0
08-04-2026 10:15,23881.65,23905.25,23869.1,23905.25,8829760.0
08-04-2026 10:20,23906.55,23913.0,23877.4,23892.75,8409790.0
08-04-2026 10:25,23893.9,23915.25,23880.05,23909.85,9171083.0
08-04-2026 10:30,23910.6,23928.35,23908.05,23922.05,8039362.0
08-04-2026 10:35,23918.6,23930.9,23904.05,23921.65,8047145.0
08-04-2026 10:40,23921.8,23952.95,23906.65,23950.95,6593333.0
08-04-2026 10:45,23951.65,23955.95,23925.15,23940.1,9647294.0
08-04-2026 10:50,23941.45,23972.75,23935.15,23970.2,7505861.0
08-04-2026 10:55,23969.75,23984.5,23965.1,23982.15,7754818.0
08-04-2026 11:00,23984.05,23999.45,23981.3,23992.35,7684910.0
08-04-2026 11:05,23993.3,24001.5,23985.7,23990.0,5606225.0
08-04-2026 11:10,23990.5,24004.65,23983.5,23991.6,5165244.0
08-04-2026 11:15,23992.7,24014.0,23991.1,24001.05,6520406.0
08-04-2026 11:20,24001.05,24013.5,23998.75,24002.1,5704866.0
08-04-2026 11:25,24001.85,24004.15,23975.5,23982.75,5367085.0
08-04-2026 11:30,23982.45,23982.45,23965.65,23968.45,5669956.0
08-04-2026 11:35,23968.95,23981.1,23947.1,23964.05,6822761.0
08-04-2026 11:40,23964.75,23988.3,23954.45,23980.55,5058121.0
08-04-2026 11:45,23980.55,23998.6,23979.95,23985.8,4803298.0
08-04-2026 11:50,23987.4,23987.4,23930.2,23949.35,5631706.0
08-04-2026 11:55,23951.45,23951.45,23923.5,23931.2,6259844.0
08-04-2026 12:00,23932.6,23957.45,23920.15,23951.25,5922504.0
08-04-2026 12:05,23952.45,23971.0,23950.8,23969.6,6034200.0
08-04-2026 12:10,23971.2,23971.2,23957.7,23963.2,4500677.0
08-04-2026 12:15,23963.45,23967.35,23958.05,23963.45,4136541.0
08-04-2026 12:20,23964.0,23973.95,23962.8,23971.05,3984659.0
08-04-2026 12:25,23972.45,23973.45,23949.25,23950.1,4110546.0
08-04-2026 12:30,23950.95,23950.95,23902.25,23916.55,4934287.0
08-04-2026 12:35,23917.8,23934.0,23910.6,23923.45,4396349.0
08-04-2026 12:40,23922.0,23950.55,23916.25,23946.35,4611049.0
08-04-2026 12:45,23946.7,23953.15,23932.35,23952.55,4058465.0
08-04-2026 12:50,23953.5,23958.85,23944.4,23953.4,4274987.0
08-04-2026 12:55,23954.8,23979.8,23953.25,23977.65,4413496.0
08-04-2026 13:00,23978.8,23979.2,23957.0,23967.75,4308491.0
08-04-2026 13:05,23968.8,23969.7,23948.8,23962.35,5462109.0
08-04-2026 13:10,23961.9,23988.6,23961.8,23974.3,5637022.0
08-04-2026 13:15,23975.1,23991.35,23965.2,23973.9,5839147.0
08-04-2026 13:20,23974.7,23984.7,23969.7,23983.2,3843207.0
08-04-2026 13:25,23984.7,24001.6,23983.0,23999.15,4224856.0
08-04-2026 13:30,24000.35,24000.35,23981.25,23994.15,3489802.0
08-04-2026 13:35,23996.55,24025.15,23994.0,24015.5,5179535.0
08-04-2026 13:40,24017.5,24017.5,23975.4,23975.4,5572934.0
08-04-2026 13:45,23974.85,23990.05,23968.75,23977.35,4977638.0
08-04-2026 13:50,23977.6,23985.5,23953.1,23964.05,4554345.0
08-04-2026 13:55,23967.15,23988.4,23965.35,23985.5,3420228.0
08-04-2026 14:00,23986.35,23986.35,23964.55,23967.35,4126563.0
08-04-2026 14:05,23968.7,23971.65,23951.2,23964.3,4627973.0
08-04-2026 14:10,23965.65,23979.95,23944.0,23948.15,5330278.0
08-04-2026 14:15,23950.6,23966.6,23946.75,23965.3,5617740.0
08-04-2026 14:20,23965.6,23985.4,23962.9,23977.3,5843547.0
08-04-2026 14:25,23978.4,23988.8,23973.75,23979.55,5973058.0
08-04-2026 14:30,23980.45,23988.85,23971.9,23977.55,5373950.0
08-04-2026 14:35,23978.7,23990.55,23973.85,23979.2,6125710.0
08-04-2026 14:40,23979.2,24006.15,23977.8,23998.9,6194355.0
08-04-2026 14:45,23999.0,24017.6,23978.85,23982.8,6761966.0
08-04-2026 14:50,23985.35,23990.6,23972.55,23987.65,6649852.0
08-04-2026 14:55,23988.5,24005.0,23984.15,24002.2,6195783.0
08-04-2026 15:00,24002.65,24002.65,23955.75,23992.25,11968914.0
08-04-2026 15:05,23993.85,24011.5,23992.2,23999.0,11821974.0
08-04-2026 15:10,24000.7,24008.1,23989.25,23994.25,15474644.0
08-04-2026 15:15,23998.1,23998.1,23985.3,23993.0,15542517.0
08-04-2026 15:20,23993.8,24004.55,23991.4,24004.2,14781315.0
08-04-2026 15:25,24006.1,24018.25,24000.35,24012.35,13675586.0
09-04-2026 09:15,23909.05,23937.15,23815.15,23935.65,23437074.0
09-04-2026 09:20,23932.0,23974.6,23926.55,23969.4,13157700.0
09-04-2026 09:25,23968.45,23990.75,23961.2,23984.2,10400985.0
09-04-2026 09:30,23983.6,23986.1,23890.95,23890.95,10294771.0
09-04-2026 09:35,23891.8,23929.35,23882.0,23891.1,7371662.0
09-04-2026 09:40,23891.3,23899.3,23856.65,23861.15,6426214.0
09-04-2026 09:45,23863.9,23883.05,23816.95,23817.3,6993504.0
09-04-2026 09:50,23815.95,23826.0,23794.95,23805.05,6106626.0
09-04-2026 09:55,23805.95,23806.6,23771.05,23786.3,6632417.0
09-04-2026 10:00,23785.35,23826.5,23759.45,23817.4,7145224.0
09-04-2026 10:05,23815.3,23831.35,23807.4,23824.05,5670175.0
09-04-2026 10:10,23824.0,23853.15,23824.0,23839.0,4852629.0
09-04-2026 10:15,23839.05,23870.7,23820.85,23870.7,5498536.0
09-04-2026 10:20,23869.95,23871.35,23843.5,23864.8,4562167.0
09-04-2026 10:25,23863.5,23867.55,23820.2,23848.2,4667760.0
09-04-2026 10:30,23848.45,23863.6,23841.8,23858.45,3981678.0
09-04-2026 10:35,23858.05,23872.2,23832.25,23837.6,4287971.0
09-04-2026 10:40,23836.8,23839.5,23803.65,23807.9,4375480.0
09-04-2026 10:45,23807.95,23829.25,23807.95,23824.35,2939702.0
09-04-2026 10:50,23823.75,23830.4,23811.25,23825.4,5139249.0
09-04-2026 10:55,23825.95,23843.55,23820.85,23828.75,4101133.0
09-04-2026 11:00,23828.95,23864.1,23828.55,23849.3,7040201.0
09-04-2026 11:05,23848.7,23866.4,23828.15,23860.65,5041695.0
09-04-2026 11:10,23860.35,23869.5,23852.0,23855.75,4982895.0
09-04-2026 11:15,23855.6,23863.2,23824.15,23829.95,4019896.0
09-04-2026 11:20,23830.3,23850.5,23814.2,23839.5,5095176.0
09-04-2026 11:25,23838.3,23863.85,23838.3,23855.25,3772390.0
09-04-2026 11:30,23855.0,23875.5,23844.4,23855.3,5371920.0
09-04-2026 11:35,23852.9,23862.1,23847.7,23856.25,3158095.0
09-04-2026 11:40,23856.15,23871.3,23845.95,23864.8,3335038.0
09-04-2026 11:45,23864.8,23887.6,23849.4,23887.25,4156341.0
09-04-2026 11:50,23886.95,23898.0,23870.5,23883.65,3996506.0
09-04-2026 11:55,23884.6,23905.4,23871.8,23886.35,3673208.0
09-04-2026 12:00,23887.15,23902.75,23868.9,23876.55,3646032.0
09-04-2026 12:05,23875.75,23902.7,23860.25,23901.0,3794285.0
09-04-2026 12:10,23899.85,23907.3,23877.1,23881.25,4395685.0
09-04-2026 12:15,23881.05,23884.05,23873.65,23875.35,3333225.0
09-04-2026 12:20,23875.3,23883.85,23867.05,23869.5,3433131.0
09-04-2026 12:25,23868.55,23886.9,23854.85,23872.55,3510587.0
09-04-2026 12:30,23871.75,23885.35,23862.55,23864.55,3483425.0
09-04-2026 12:35,23864.65,23871.45,23845.1,23855.35,3151613.0
09-04-2026 12:40,23854.25,23867.55,23848.45,23852.3,2711086.0
09-04-2026 12:45,23853.3,23855.25,23805.25,23807.15,5306165.0
09-04-2026 12:50,23807.1,23839.4,23801.6,23831.3,5116106.0
09-04-2026 12:55,23830.6,23843.6,23828.4,23830.7,3096139.0
09-04-2026 13:00,23830.25,23842.6,23824.35,23830.95,2939837.0
09-04-2026 13:05,23831.15,23836.95,23816.85,23829.6,2774368.0
09-04-2026 13:10,23829.15,23831.05,23804.7,23815.4,3816163.0
09-04-2026 13:15,23815.85,23817.3,23800.95,23803.2,3207057.0
09-04-2026 13:20,23803.05,23804.35,23767.8,23787.2,5664574.0
09-04-2026 13:25,23786.6,23790.35,23767.9,23769.3,3486304.0
09-04-2026 13:30,23769.15,23792.5,23758.75,23788.7,4500767.0
09-04-2026 13:35,23789.05,23798.95,23767.65,23773.2,3711808.0
09-04-2026 13:40,23773.35,23776.65,23755.6,23760.15,3255847.0
09-04-2026 13:45,23759.85,23770.55,23740.15,23762.5,5323657.0
09-04-2026 13:50,23762.9,23785.45,23753.5,23770.5,3310804.0
09-04-2026 13:55,23770.35,23782.3,23764.55,23767.85,4114206.0
09-04-2026 14:00,23767.85,23790.2,23754.95,23781.8,2617412.0
09-04-2026 14:05,23781.75,23800.0,23767.75,23785.55,4098000.0
09-04-2026 14:10,23785.35,23786.95,23751.8,23753.2,4345297.0
09-04-2026 14:15,23753.45,23760.95,23746.2,23746.6,3667673.0
09-04-2026 14:20,23746.35,23758.7,23721.4,23731.7,5787436.0
09-04-2026 14:25,23731.65,23733.8,23709.85,23720.3,5415403.0
09-04-2026 14:30,23721.5,23722.25,23682.8,23697.15,7378410.0
09-04-2026 14:35,23697.2,23708.85,23690.4,23705.85,5055508.0
09-04-2026 14:40,23707.25,23744.9,23702.7,23729.75,5041102.0
09-04-2026 14:45,23728.8,23748.35,23720.5,23737.95,7941442.0
09-04-2026 14:50,23737.75,23751.45,23723.5,23748.4,5738934.0
09-04-2026 14:55,23747.75,23752.15,23733.1,23741.05,5176977.0
09-04-2026 15:00,23742.45,23806.8,23726.9,23741.6,27339585.0
09-04-2026 15:05,23744.2,23800.6,23733.4,23787.75,19972612.0
09-04-2026 15:10,23789.1,23801.25,23778.65,23793.35,14800809.0
09-04-2026 15:15,23792.95,23794.35,23769.1,23771.25,14972612.0
09-04-2026 15:20,23772.85,23784.55,23765.45,23781.4,16531364.0
09-04-2026 15:25,23782.2,23791.15,23758.95,23766.05,12574561.0
10-04-2026 09:15,23880.55,23968.75,23856.35,23965.7,25950127.0
10-04-2026 09:20,23966.25,23978.7,23917.05,23918.65,11219519.0
10-04-2026 09:25,23918.85,23944.2,23902.2,23936.9,11123375.0
10-04-2026 09:30,23937.35,23959.5,23931.2,23943.6,8786804.0
10-04-2026 09:35,23943.2,23944.05,23921.85,23936.55,7474769.0
10-04-2026 09:40,23937.15,23957.95,23934.95,23948.15,13058828.0
10-04-2026 09:45,23948.6,23992.5,23943.65,23974.35,9657596.0
10-04-2026 09:50,23973.25,23987.95,23971.25,23986.85,6204883.0
10-04-2026 09:55,23986.65,23998.25,23980.75,23988.05,6674562.0
10-04-2026 10:00,23988.45,24002.85,23971.85,23972.35,7532582.0
10-04-2026 10:05,23971.65,23973.95,23916.3,23961.55,9065266.0
10-04-2026 10:10,23960.65,23995.9,23960.05,23994.4,6517222.0
10-04-2026 10:15,23994.95,24018.75,23994.95,24015.05,6565833.0
10-04-2026 10:20,24014.15,24024.1,24010.85,24021.55,4421673.0
10-04-2026 10:25,24022.55,24036.2,24002.5,24009.1,4751761.0
10-04-2026 10:30,24010.0,24023.9,24001.0,24019.85,4918484.0
10-04-2026 10:35,24019.7,24026.1,24003.55,24007.05,3796110.0
10-04-2026 10:40,24007.4,24017.6,24003.8,24003.85,3919972.0
10-04-2026 10:45,24003.75,24009.05,23993.65,23994.95,4810360.0
10-04-2026 10:50,23994.65,23997.35,23984.75,23985.7,4513572.0
10-04-2026 10:55,23985.3,24000.0,23972.3,23998.85,5130863.0
10-04-2026 11:00,23999.7,24010.4,23994.9,24001.8,4163974.0
10-04-2026 11:05,24001.45,24011.2,23993.95,24010.05,3486575.0
10-04-2026 11:10,24010.05,24021.35,24007.3,24013.3,3753800.0
10-04-2026 11:15,24012.05,24015.35,23985.15,23992.65,5447628.0
10-04-2026 11:20,23992.8,24001.55,23990.1,23992.3,5153190.0
10-04-2026 11:25,23992.6,24005.25,23971.3,23972.55,4748149.0
10-04-2026 11:30,23972.15,24007.4,23972.15,24004.6,6746301.0
10-04-2026 11:35,24004.3,24006.7,23980.1,23983.85,6310918.0
10-04-2026 11:40,23984.3,23990.05,23970.05,23980.15,3862905.0
10-04-2026 11:45,23980.95,23987.1,23953.8,23963.35,4203559.0
10-04-2026 11:50,23964.65,23988.55,23964.05,23982.45,4289532.0
10-04-2026 11:55,23982.4,23996.0,23979.0,23994.15,3033207.0
10-04-2026 12:00,23994.7,24008.05,23984.95,24008.05,3634313.0
10-04-2026 12:05,24007.55,24019.2,24002.6,24015.05,5490044.0
10-04-2026 12:10,24015.05,24019.55,24008.3,24009.05,4191854.0
10-04-2026 12:15,24009.1,24011.0,23991.15,24003.9,3857459.0
10-04-2026 12:20,24003.35,24020.2,23991.75,24019.2,4409605.0
10-04-2026 12:25,24019.15,24032.6,23994.75,24009.6,4901231.0
10-04-2026 12:30,24009.35,24016.8,23995.3,23998.25,3765299.0
10-04-2026 12:35,23996.0,24020.45,23996.0,24014.4,4158988.0
10-04-2026 12:40,24014.3,24022.0,24003.3,24004.25,3513085.0
10-04-2026 12:45,24004.3,24018.95,24001.1,24011.3,4393687.0
10-04-2026 12:50,24011.35,24012.25,23986.15,24000.75,6095441.0
10-04-2026 12:55,24000.6,24007.65,23993.25,24004.55,4464633.0
10-04-2026 13:00,24004.9,24018.55,24003.7,24014.05,4009338.0
10-04-2026 13:05,24013.3,24021.75,24007.35,24020.35,2982276.0
10-04-2026 13:10,24019.55,24021.4,23999.35,24002.55,4473157.0
10-04-2026 13:15,24003.15,24010.75,23999.3,23999.3,5068658.0
10-04-2026 13:20,23999.5,24004.0,23996.45,23999.3,5484672.0
10-04-2026 13:25,23999.15,24009.9,23996.0,24007.05,5017917.0
10-04-2026 13:30,24007.5,24016.5,24003.6,24004.25,5019524.0
10-04-2026 13:35,24004.1,24012.1,23999.15,24011.6,3879572.0
10-04-2026 13:40,24011.5,24025.7,24011.5,24020.4,4356415.0
10-04-2026 13:45,24020.7,24030.25,24009.6,24012.85,3986140.0
10-04-2026 13:50,24012.05,24021.85,24002.35,24018.6,4663682.0
10-04-2026 13:55,24018.6,24044.9,24016.6,24040.95,4332753.0
10-04-2026 14:00,24041.2,24048.2,24026.7,24028.95,5171395.0
10-04-2026 14:05,24029.2,24037.6,24025.45,24031.55,3855355.0
10-04-2026 14:10,24031.85,24046.5,23998.45,24020.1,5639636.0
10-04-2026 14:15,24020.4,24021.8,23938.6,23994.85,9262240.0
10-04-2026 14:20,23995.1,24010.6,23956.6,23956.9,5176096.0
10-04-2026 14:25,23956.6,23969.65,23947.9,23964.75,5538133.0
10-04-2026 14:30,23965.35,23989.9,23959.85,23964.5,7338166.0
10-04-2026 14:35,23962.85,23981.0,23947.25,23971.25,6088178.0
10-04-2026 14:40,23970.45,23993.45,23969.2,23982.7,6612164.0
10-04-2026 14:45,23982.9,24005.5,23956.75,24000.65,8967246.0
10-04-2026 14:50,24000.5,24006.15,23991.2,23994.85,6408759.0
10-04-2026 14:55,23995.0,24005.65,23993.55,23993.55,6033616.0
10-04-2026 15:00,23994.2,24035.25,23994.2,24035.1,11232717.0
10-04-2026 15:05,24035.0,24064.55,24035.0,24060.8,11888587.0
10-04-2026 15:10,24060.4,24074.05,24057.2,24057.5,12216054.0
10-04-2026 15:15,24058.1,24061.45,24045.9,24055.1,13683895.0
10-04-2026 15:20,24053.65,24061.4,24049.65,24054.7,12977167.0
10-04-2026 15:25,24054.55,24063.45,24046.2,24051.8,11322367.0
10-04-2026 15:30,24050.5,24050.5,24050.5,24050.5,1651640.0
13-04-2026 09:15,23589.6,23699.7,23555.6,23578.55,30276207.0
13-04-2026 09:20,23579.6,23595.1,23573.0,23591.5,16870262.0
13-04-2026 09:25,23590.85,23609.85,23583.0,23604.7,10923479.0
13-04-2026 09:30,23604.3,23618.8,23586.9,23615.55,8753662.0
13-04-2026 09:35,23615.65,23615.65,23580.35,23592.85,8232708.0
13-04-2026 09:40,23591.25,23644.0,23588.35,23633.5,7642782.0
13-04-2026 09:45,23634.3,23635.4,23612.45,23631.35,6100581.0
13-04-2026 09:50,23632.15,23657.05,23627.9,23642.75,6169542.0
13-04-2026 09:55,23643.8,23679.55,23642.15,23669.05,6733046.0
13-04-2026 10:00,23668.8,23679.0,23653.15,23671.35,5990127.0
13-04-2026 10:05,23672.45,23679.65,23657.65,23675.45,6575077.0
13-04-2026 10:10,23675.75,23682.65,23653.85,23660.05,7784236.0
13-04-2026 10:15,23655.5,23673.3,23634.05,23673.3,5774263.0
13-04-2026 10:20,23673.1,23721.65,23671.5,23707.85,6087472.0
13-04-2026 10:25,23707.9,23732.3,23702.75,23721.5,8364239.0
13-04-2026 10:30,23721.8,23728.3,23705.75,23715.8,6146130.0
13-04-2026 10:35,23715.15,23734.15,23701.55,23729.7,5125043.0
13-04-2026 10:40,23729.45,23738.55,23696.3,23723.55,4800230.0
13-04-2026 10:45,23723.2,23746.8,23721.85,23732.1,8206080.0
13-04-2026 10:50,23731.95,23753.85,23731.95,23745.7,4605125.0
13-04-2026 10:55,23746.4,23757.95,23730.35,23740.0,7198875.0
13-04-2026 11:00,23737.45,23741.45,23730.4,23736.9,4938373.0
13-04-2026 11:05,23736.55,23752.3,23736.55,23749.7,4033788.0
13-04-2026 11:10,23749.85,23751.15,23732.35,23743.7,4236113.0
13-04-2026 11:15,23743.75,23752.0,23743.05,23746.3,3340554.0
13-04-2026 11:20,23746.9,23762.75,23731.1,23743.4,4215558.0
13-04-2026 11:25,23742.15,23757.65,23740.4,23740.5,3895463.0
13-04-2026 11:30,23740.65,23751.35,23729.4,23738.1,4592912.0
13-04-2026 11:35,23738.25,23772.3,23738.25,23761.05,3778586.0
13-04-2026 11:40,23760.95,23764.0,23750.75,23756.15,2918857.0
13-04-2026 11:45,23756.75,23776.95,23754.6,23776.95,3424807.0
13-04-2026 11:50,23778.5,23800.45,23778.5,23798.3,5558619.0
13-04-2026 11:55,23798.3,23811.35,23785.2,23785.65,4608183.0
13-04-2026 12:00,23785.95,23794.9,23785.45,23788.15,3568961.0
13-04-2026 12:05,23788.9,23806.55,23788.9,23798.65,4128973.0
13-04-2026 12:10,23798.3,23816.2,23795.75,23814.6,4909297.0
13-04-2026 12:15,23814.7,23822.75,23804.35,23821.0,3989713.0
13-04-2026 12:20,23820.0,23822.85,23796.0,23804.65,3557842.0
13-04-2026 12:25,23804.4,23836.55,23804.3,23835.95,3266916.0
13-04-2026 12:30,23837.6,23841.75,23823.0,23825.6,4637616.0
13-04-2026 12:35,23827.1,23847.75,23821.5,23833.5,3838823.0
13-04-2026 12:40,23833.8,23842.9,23825.0,23841.35,2683735.0
13-04-2026 12:45,23842.15,23842.85,23824.3,23839.75,5330521.0
13-04-2026 12:50,23840.65,23845.7,23821.15,23822.15,5437739.0
13-04-2026 12:55,23822.1,23825.15,23780.9,23806.45,5877924.0
13-04-2026 13:00,23806.8,23815.0,23771.75,23784.85,4570453.0
13-04-2026 13:05,23785.55,23817.95,23785.55,23811.5,2959221.0
13-04-2026 13:10,23809.1,23822.4,23803.4,23820.65,3177919.0
13-04-2026 13:15,23821.25,23835.3,23805.25,23835.3,4180773.0
13-04-2026 13:20,23835.35,23839.8,23818.8,23825.65,4512498.0
13-04-2026 13:25,23826.1,23831.25,23815.45,23823.4,3708791.0
13-04-2026 13:30,23824.55,23854.15,23822.9,23846.0,5342348.0
13-04-2026 13:35,23845.95,23856.8,23835.0,23845.4,4432105.0
13-04-2026 13:40,23846.15,23846.85,23829.05,23835.45,3719066.0
13-04-2026 13:45,23835.85,23843.35,23831.9,23839.75,5638152.0
13-04-2026 13:50,23839.5,23883.7,23836.55,23881.8,6107340.0
13-04-2026 13:55,23882.45,23907.4,23878.45,23893.7,6386815.0
13-04-2026 14:00,23893.05,23897.3,23882.6,23887.6,5161866.0
13-04-2026 14:05,23887.85,23888.7,23852.6,23855.35,4569227.0
13-04-2026 14:10,23854.2,23854.5,23835.2,23854.5,5089776.0
13-04-2026 14:15,23854.75,23865.25,23834.6,23855.9,4706014.0
13-04-2026 14:20,23856.0,23870.35,23852.1,23861.25,3975302.0
13-04-2026 14:25,23862.05,23881.65,23860.95,23866.05,3940014.0
13-04-2026 14:30,23865.7,23892.75,23865.7,23881.05,4526045.0
13-04-2026 14:35,23881.9,23897.45,23871.45,23871.45,5781239.0
13-04-2026 14:40,23870.65,23880.9,23855.75,23866.35,6248743.0
13-04-2026 14:45,23866.05,23888.25,23854.6,23883.9,5546347.0
13-04-2026 14:50,23883.7,23891.75,23870.9,23881.8,5409495.0
13-04-2026 14:55,23882.85,23897.4,23880.5,23883.7,6074044.0
13-04-2026 15:00,23884.95,23888.2,23822.25,23838.8,21914978.0
13-04-2026 15:05,23837.65,23868.1,23824.35,23842.35,17158271.0
13-04-2026 15:10,23839.35,23857.25,23826.4,23845.4,13028213.0
13-04-2026 15:15,23843.65,23847.0,23822.45,23825.6,12631038.0
13-04-2026 15:20,23826.55,23832.15,23816.8,23821.85,11701260.0
13-04-2026 15:25,23822.35,23827.8,23814.65,23818.9,10368955.0
15-04-2026 09:15,24163.8,24280.9,24162.7,24230.85,30221227.0
15-04-2026 09:20,24231.6,24234.7,24206.75,24208.85,15091680.0
15-04-2026 09:25,24209.2,24212.9,24184.1,24192.45,11758215.0
15-04-2026 09:30,24193.5,24194.7,24164.15,24168.9,8803367.0
15-04-2026 09:35,24168.05,24179.85,24145.8,24151.35,8010375.0
15-04-2026 09:40,24151.05,24215.95,24149.7,24207.35,7418225.0
15-04-2026 09:45,24207.05,24225.2,24193.1,24193.1,7074546.0
15-04-2026 09:50,24192.4,24219.9,24186.7,24212.65,6062067.0
15-04-2026 09:55,24213.15,24224.55,24205.05,24216.0,6597202.0
15-04-2026 10:00,24216.8,24232.95,24214.05,24231.7,8768637.0
15-04-2026 10:05,24233.15,24247.35,24232.9,24235.65,6432205.0
15-04-2026 10:10,24236.55,24253.35,24234.3,24241.65,6424883.0
15-04-2026 10:15,24241.55,24264.25,24241.55,24260.4,5220015.0
15-04-2026 10:20,24261.1,24272.55,24249.85,24264.95,5490386.0
15-04-2026 10:25,24264.85,24267.1,24255.65,24260.1,4480601.0
15-04-2026 10:30,24260.4,24273.15,24256.2,24259.45,4259831.0
15-04-2026 10:35,24260.15,24263.0,24242.45,24243.6,4626509.0
15-04-2026 10:40,24245.75,24251.45,24235.45,24243.1,5224990.0
15-04-2026 10:45,24242.5,24255.75,24239.85,24248.0,4821573.0
15-04-2026 10:50,24247.55,24248.55,24208.8,24223.4,6040802.0
15-04-2026 10:55,24223.5,24233.8,24216.1,24216.1,3978599.0
15-04-2026 11:00,24216.35,24216.5,24202.85,24209.6,4641958.0
15-04-2026 11:05,24208.9,24210.25,24184.25,24187.5,4136575.0
15-04-2026 11:10,24186.9,24192.9,24177.6,24184.25,4554039.0
15-04-2026 11:15,24184.5,24207.5,24174.5,24186.2,4663504.0
15-04-2026 11:20,24187.15,24206.5,24187.0,24201.65,3248554.0
15-04-2026 11:25,24201.25,24201.9,24178.8,24188.05,3825414.0
15-04-2026 11:30,24188.1,24196.1,24184.65,24189.0,3169399.0
15-04-2026 11:35,24189.1,24202.8,24188.75,24199.6,3107143.0
15-04-2026 11:40,24199.7,24211.05,24194.05,24210.35,4462657.0
15-04-2026 11:45,24210.6,24223.05,24202.15,24221.0,4782367.0
15-04-2026 11:50,24221.45,24226.25,24215.45,24222.6,3302658.0
15-04-2026 11:55,24221.9,24224.3,24214.05,24217.1,3867554.0
15-04-2026 12:00,24217.75,24232.9,24217.45,24229.05,3452022.0
15-04-2026 12:05,24229.2,24231.75,24220.75,24224.1,3297562.0
15-04-2026 12:10,24224.35,24234.95,24224.1,24226.85,4000450.0
15-04-2026 12:15,24227.0,24235.65,24215.85,24217.35,3819074.0
15-04-2026 12:20,24216.05,24225.0,24200.4,24221.55,4000716.0
15-04-2026 12:25,24222.05,24230.8,24219.1,24219.75,3946393.0
15-04-2026 12:30,24219.8,24221.8,24213.05,24217.6,3793086.0
15-04-2026 12:35,24217.4,24236.65,24215.15,24232.7,4106279.0
15-04-2026 12:40,24232.9,24234.15,24216.1,24228.05,4468145.0
15-04-2026 12:45,24228.75,24234.85,24210.0,24216.6,4459070.0
15-04-2026 12:50,24216.7,24234.8,24203.95,24214.3,4926798.0
15-04-2026 12:55,24213.65,24219.1,24206.9,24207.85,3228668.0
15-04-2026 13:00,24207.5,24217.75,24200.2,24210.8,3851399.0
15-04-2026 13:05,24211.15,24213.05,24203.35,24212.9,3298689.0
15-04-2026 13:10,24212.4,24222.75,24212.0,24220.55,3004192.0
15-04-2026 13:15,24220.65,24233.95,24215.95,24233.85,4981287.0
15-04-2026 13:20,24233.9,24238.55,24187.75,24197.75,6039334.0
15-04-2026 13:25,24197.25,24203.9,24195.75,24196.95,3972343.0
15-04-2026 13:30,24196.9,24222.45,24191.5,24213.3,3943618.0
15-04-2026 13:35,24213.2,24223.3,24191.25,24195.15,3995109.0
15-04-2026 13:40,24195.8,24217.35,24192.35,24215.75,3540346.0
15-04-2026 13:45,24215.9,24221.3,24199.05,24207.65,4858421.0
15-04-2026 13:50,24206.8,24211.6,24194.35,24201.1,4927254.0
15-04-2026 13:55,24200.4,24225.2,24199.4,24221.25,6657499.0
15-04-2026 14:00,24221.8,24230.4,24221.45,24225.15,6069104.0
15-04-2026 14:05,24226.0,24230.9,24223.55,24225.65,5497376.0
15-04-2026 14:10,24225.6,24238.1,24219.5,24226.6,4875329.0
15-04-2026 14:15,24227.05,24231.6,24219.2,24226.65,3842274.0
15-04-2026 14:20,24226.75,24242.25,24214.45,24215.05,4842170.0
15-04-2026 14:25,24215.05,24235.9,24214.4,24233.35,3323440.0
15-04-2026 14:30,24232.9,24237.9,24229.15,24234.65,4437810.0
15-04-2026 14:35,24235.1,24236.55,24220.15,24224.45,4717820.0
15-04-2026 14:40,24225.1,24236.15,24223.85,24233.15,5749438.0
15-04-2026 14:45,24233.0,24245.65,24232.35,24244.35,4064362.0
15-04-2026 14:50,24244.25,24262.75,24236.25,24250.45,6728562.0
15-04-2026 14:55,24250.5,24264.2,24240.2,24261.25,7715683.0
15-04-2026 15:00,24262.2,24265.75,24235.65,24245.45,11907270.0
15-04-2026 15:05,24246.55,24249.55,24229.5,24239.0,13957100.0
15-04-2026 15:10,24241.1,24242.5,24223.95,24227.85,12792743.0
15-04-2026 15:15,24228.7,24230.35,24221.45,24223.0,12043649.0
15-04-2026 15:20,24223.65,24229.6,24219.3,24225.6,13002287.0
15-04-2026 15:25,24224.65,24229.25,24206.5,24211.9,11117127.0
16-04-2026 09:15,24385.2,24392.35,24333.95,24390.55,26577275.0
16-04-2026 09:20,24390.8,24397.7,24372.7,24387.5,14152738.0
16-04-2026 09:25,24388.25,24400.95,24376.0,24385.85,10572774.0
16-04-2026 09:30,24385.65,24396.05,24353.7,24358.3,11236882.0
16-04-2026 09:35,24358.15,24364.05,24305.55,24326.8,8806375.0
16-04-2026 09:40,24326.25,24335.35,24299.05,24301.95,8032718.0
16-04-2026 09:45,24302.75,24332.7,24292.3,24327.9,7148719.0
16-04-2026 09:50,24327.15,24337.05,24301.5,24316.55,8074525.0
16-04-2026 09:55,24316.85,24316.85,24270.55,24271.55,5970305.0
16-04-2026 10:00,24271.65,24303.85,24264.4,24303.85,6719795.0
16-04-2026 10:05,24303.2,24310.9,24280.9,24308.55,5419457.0
16-04-2026 10:10,24308.45,24319.85,24295.3,24307.6,6187209.0
16-04-2026 10:15,24306.15,24328.8,24292.85,24309.7,6701294.0
16-04-2026 10:20,24309.15,24313.0,24300.05,24304.0,3873233.0
16-04-2026 10:25,24303.9,24317.2,24292.5,24300.75,3887963.0
16-04-2026 10:30,24301.05,24321.25,24301.05,24312.7,4322100.0
16-04-2026 10:35,24312.8,24325.85,24292.45,24299.65,5476520.0
16-04-2026 10:40,24298.6,24317.1,24298.1,24307.65,3529948.0
16-04-2026 10:45,24307.45,24327.9,24306.9,24316.15,5558394.0
16-04-2026 10:50,24315.1,24319.1,24311.5,24314.7,4592882.0
16-04-2026 10:55,24315.25,24315.95,24302.15,24309.55,4798460.0
16-04-2026 11:00,24309.3,24330.7,24309.3,24324.45,7917993.0
16-04-2026 11:05,24321.3,24333.2,24308.6,24324.45,6528682.0
16-04-2026 11:10,24323.3,24323.45,24303.65,24313.9,5558120.0
16-04-2026 11:15,24313.2,24323.05,24294.1,24319.8,6004263.0
16-04-2026 11:20,24319.95,24328.95,24294.5,24297.95,9634121.0
16-04-2026 11:25,24298.8,24304.2,24282.75,24299.15,8737989.0
16-04-2026 11:30,24300.25,24304.25,24290.1,24299.7,3735262.0
16-04-2026 11:35,24299.85,24301.05,24266.9,24281.15,3931735.0
16-04-2026 11:40,24280.0,24280.0,24252.9,24254.7,4109300.0
16-04-2026 11:45,24254.3,24254.3,24215.55,24243.6,7501118.0
16-04-2026 11:50,24242.7,24242.7,24218.4,24237.25,5226265.0
16-04-2026 11:55,24237.75,24237.75,24194.7,24197.2,5349511.0
16-04-2026 12:00,24196.3,24197.8,24157.55,24159.25,6807138.0
16-04-2026 12:05,24159.5,24176.9,24153.05,24171.1,4839191.0
16-04-2026 12:10,24171.1,24190.75,24170.5,24184.8,5200017.0
16-04-2026 12:15,24182.95,24189.7,24159.4,24181.4,4726009.0
16-04-2026 12:20,24180.8,24184.35,24152.25,24163.2,3962603.0
16-04-2026 12:25,24161.8,24169.4,24152.95,24162.95,3475061.0
16-04-2026 12:30,24162.95,24169.75,24136.9,24137.9,5092105.0
16-04-2026 12:35,24138.05,24158.8,24131.8,24158.8,4590338.0
16-04-2026 12:40,24158.65,24169.25,24138.65,24139.05,4337809.0
16-04-2026 12:45,24140.8,24153.05,24129.05,24135.7,3713922.0
16-04-2026 12:50,24136.1,24157.1,24122.75,24123.9,4188226.0
16-04-2026 12:55,24124.05,24145.25,24116.95,24144.55,3982278.0
16-04-2026 13:00,24144.5,24154.6,24136.8,24150.2,5831647.0
16-04-2026 13:05,24149.8,24160.2,24117.3,24122.9,5919332.0
16-04-2026 13:10,24124.15,24125.85,24107.45,24122.3,5016302.0
16-04-2026 13:15,24122.6,24141.95,24111.8,24137.85,4403722.0
16-04-2026 13:20,24137.85,24142.45,24103.2,24106.85,6202203.0
16-04-2026 13:25,24107.95,24123.2,24102.8,24116.05,4296157.0
16-04-2026 13:30,24116.1,24128.45,24115.3,24124.05,3901536.0
16-04-2026 13:35,24123.85,24125.7,24118.1,24124.75,3249733.0
16-04-2026 13:40,24124.7,24140.1,24122.1,24137.75,3369910.0
16-04-2026 13:45,24137.85,24151.5,24137.45,24151.5,3050058.0
16-04-2026 13:50,24151.5,24184.75,24150.55,24183.45,8281722.0
16-04-2026 13:55,24184.25,24190.5,24165.55,24183.2,7223833.0
16-04-2026 14:00,24181.9,24183.95,24138.3,24145.3,4762622.0
16-04-2026 14:05,24145.4,24158.3,24132.45,24155.95,3801801.0
16-04-2026 14:10,24156.3,24175.35,24153.35,24166.7,3097025.0
16-04-2026 14:15,24166.7,24168.85,24158.9,24165.5,3453789.0
16-04-2026 14:20,24165.2,24171.3,24153.75,24165.05,3435325.0
16-04-2026 14:25,24164.65,24186.9,24164.0,24186.6,3382724.0
16-04-2026 14:30,24186.5,24221.35,24186.5,24221.2,5963369.0
16-04-2026 14:35,24221.35,24228.65,24211.0,24222.7,6200161.0
16-04-2026 14:40,24223.1,24234.55,24212.5,24219.65,5898936.0
16-04-2026 14:45,24219.5,24240.15,24218.9,24234.6,5442876.0
16-04-2026 14:50,24234.5,24245.0,24226.95,24240.75,7085913.0
16-04-2026 14:55,24241.0,24241.15,24214.6,24230.05,6584978.0
16-04-2026 15:00,24229.45,24238.3,24187.9,24202.95,20500706.0
16-04-2026 15:05,24202.7,24208.15,24163.45,24170.25,15878534.0
16-04-2026 15:10,24169.95,24202.5,24169.6,24183.9,16646524.0
16-04-2026 15:15,24184.25,24203.25,24177.8,24180.8,14366674.0
16-04-2026 15:20,24179.75,24199.3,24179.25,24196.0,13072872.0
16-04-2026 15:25,24196.1,24199.95,24178.85,24188.4,12699525.0
17-04-2026 09:15,24165.9,24224.85,24096.05,24207.55,34091726.0
17-04-2026 09:20,24210.55,24233.7,24195.1,24196.9,13533801.0
17-04-2026 09:25,24196.8,24235.6,24196.45,24233.35,9461841.0
17-04-2026 09:30,24232.6,24234.75,24192.5,24196.55,8744345.0
17-04-2026 09:35,24195.05,24222.0,24166.9,24211.85,7980411.0
17-04-2026 09:40,24211.35,24223.45,24178.7,24191.35,7724504.0
17-04-2026 09:45,24192.75,24220.35,24190.0,24219.9,5746838.0
17-04-2026 09:50,24219.95,24231.95,24219.2,24223.0,6284607.0
17-04-2026 09:55,24223.7,24238.55,24214.65,24232.1,6924970.0
17-04-2026 10:00,24231.4,24255.65,24205.4,24255.3,7183394.0
17-04-2026 10:05,24255.65,24279.85,24255.65,24263.3,6484490.0
17-04-2026 10:10,24264.6,24274.1,24255.15,24272.95,4622623.0
17-04-2026 10:15,24273.45,24289.2,24273.45,24280.45,4946733.0
17-04-2026 10:20,24280.0,24291.8,24280.0,24286.6,4318195.0
17-04-2026 10:25,24286.45,24304.55,24285.8,24285.85,5499393.0
17-04-2026 10:30,24285.9,24296.3,24260.05,24265.0,4865754.0
17-04-2026 10:35,24265.4,24278.7,24252.0,24252.85,6245847.0
17-04-2026 10:40,24253.0,24265.5,24244.05,24260.4,4542754.0
17-04-2026 10:45,24260.45,24270.0,24256.85,24263.85,4996609.0
17-04-2026 10:50,24264.1,24265.55,24252.6,24256.35,5191269.0
17-04-2026 10:55,24256.35,24263.8,24253.9,24254.95,5148636.0
17-04-2026 11:00,24255.7,24261.35,24237.75,24246.95,5165927.0
17-04-2026 11:05,24247.05,24259.8,24246.8,24258.65,4023551.0
17-04-2026 11:10,24259.15,24275.15,24257.85,24265.1,10477872.0
17-04-2026 11:15,24264.65,24277.5,24264.65,24277.3,7717620.0
17-04-2026 11:20,24277.4,24282.15,24272.8,24273.8,4756491.0
17-04-2026 11:25,24274.2,24279.5,24266.25,24275.25,4573512.0
17-04-2026 11:30,24275.8,24287.65,24273.5,24287.0,3790113.0
17-04-2026 11:35,24287.25,24293.9,24283.25,24289.15,3510316.0
17-04-2026 11:40,24290.0,24302.6,24287.6,24294.9,4286166.0
17-04-2026 11:45,24295.6,24296.35,24278.45,24282.45,4267890.0
17-04-2026 11:50,24283.3,24319.1,24282.65,24316.45,5741176.0
17-04-2026 11:55,24316.05,24323.1,24269.65,24271.45,5981959.0
17-04-2026 12:00,24271.65,24277.15,24253.15,24261.35,8516257.0
17-04-2026 12:05,24261.1,24292.55,24258.3,24286.3,5295655.0
17-04-2026 12:10,24286.0,24287.95,24277.65,24285.6,2730010.0
17-04-2026 12:15,24286.2,24293.7,24281.6,24286.55,3207681.0
17-04-2026 12:20,24287.2,24290.35,24280.7,24288.4,4239036.0
17-04-2026 12:25,24288.55,24291.65,24282.5,24284.0,3992955.0
17-04-2026 12:30,24283.95,24285.05,24264.8,24265.35,6474773.0
17-04-2026 12:35,24265.05,24272.65,24263.75,24265.1,3362677.0
17-04-2026 12:40,24264.25,24275.85,24260.25,24267.0,3412362.0
17-04-2026 12:45,24267.15,24277.95,24266.2,24272.2,3036368.0
17-04-2026 12:50,24272.7,24275.15,24259.95,24265.35,2591344.0
17-04-2026 12:55,24264.95,24269.15,24259.9,24266.1,3697195.0
17-04-2026 13:00,24267.0,24275.3,24264.85,24269.8,3303943.0
17-04-2026 13:05,24269.0,24286.3,24267.8,24284.8,3130663.0
17-04-2026 13:10,24284.85,24292.95,24283.75,24285.05,4410693.0
17-04-2026 13:15,24284.3,24287.05,24269.5,24271.95,4505306.0
17-04-2026 13:20,24270.8,24284.05,24268.05,24273.75,4518807.0
17-04-2026 13:25,24273.55,24289.35,24265.4,24289.35,4095994.0
17-04-2026 13:30,24289.5,24296.3,24287.45,24296.3,5375101.0
17-04-2026 13:35,24296.3,24302.35,24289.25,24301.05,4131532.0
17-04-2026 13:40,24300.25,24312.8,24299.4,24301.9,4820766.0
17-04-2026 13:45,24301.6,24309.1,24301.5,24306.3,4054784.0
17-04-2026 13:50,24306.15,24308.05,24299.75,24304.0,3416436.0
17-04-2026 13:55,24304.25,24308.3,24294.05,24303.3,5563366.0
17-04-2026 14:00,24303.65,24311.7,24301.8,24302.6,4909732.0
17-04-2026 14:05,24302.5,24316.0,24300.85,24312.25,4837302.0
17-04-2026 14:10,24312.55,24317.75,24305.45,24306.85,3978070.0
17-04-2026 14:15,24307.5,24320.1,24306.65,24316.75,4974652.0
17-04-2026 14:20,24316.9,24327.1,24313.0,24324.65,7233108.0
17-04-2026 14:25,24323.05,24326.25,24305.1,24307.1,7894606.0
17-04-2026 14:30,24307.4,24315.85,24304.75,24314.2,9884056.0
17-04-2026 14:35,24314.3,24329.6,24308.2,24325.05,6486454.0
17-04-2026 14:40,24325.45,24343.4,24323.35,24340.45,7689323.0
17-04-2026 14:45,24339.85,24357.8,24338.0,24348.4,9874411.0
17-04-2026 14:50,24349.0,24356.55,24346.0,24351.05,6311120.0
17-04-2026 14:55,24349.1,24352.75,24342.2,24349.85,6912582.0
17-04-2026 15:00,24349.6,24356.8,24320.1,24350.15,13763313.0
17-04-2026 15:05,24349.35,24358.25,24343.95,24352.25,12535743.0
17-04-2026 15:10,24350.9,24356.25,24349.3,24354.55,11397534.0
17-04-2026 15:15,24353.65,24363.6,24348.1,24361.75,14304268.0
17-04-2026 15:20,24360.8,24368.85,24356.0,24367.2,14045822.0
17-04-2026 15:25,24367.8,24371.9,24358.6,24366.9,14266298.0
20-04-2026 09:15,24391.5,24420.2,24241.25,24339.55,22974469.0
20-04-2026 09:20,24340.25,24396.85,24340.25,24395.85,12584614.0
20-04-2026 09:25,24393.0,24417.35,24378.8,24383.0,11173353.0
20-04-2026 09:30,24383.15,24389.75,24339.05,24357.9,10464324.0
20-04-2026 09:35,24360.25,24371.75,24334.7,24343.3,8957716.0
20-04-2026 09:40,24342.85,24352.7,24295.6,24302.75,8101747.0
20-04-2026 09:45,24301.85,24305.9,24281.2,24296.55,6645527.0
20-04-2026 09:50,24297.1,24338.7,24285.5,24338.15,5772059.0
20-04-2026 09:55,24337.4,24344.1,24320.35,24331.75,4992464.0
20-04-2026 10:00,24331.05,24365.55,24326.35,24355.95,5701544.0
20-04-2026 10:05,24356.5,24388.3,24355.2,24386.85,4818254.0
20-04-2026 10:10,24388.05,24388.05,24365.6,24379.6,4896557.0
20-04-2026 10:15,24379.95,24398.85,24370.5,24389.85,4670950.0
20-04-2026 10:20,24389.45,24404.6,24374.7,24403.0,4590152.0
20-04-2026 10:25,24400.6,24413.5,24388.95,24409.65,4666427.0
20-04-2026 10:30,24409.5,24440.35,24409.5,24427.15,5623044.0
20-04-2026 10:35,24427.85,24441.15,24420.95,24433.2,6408477.0
20-04-2026 10:40,24433.6,24448.5,24433.2,24439.05,5317684.0
20-04-2026 10:45,24439.35,24439.7,24417.55,24430.25,4622847.0
20-04-2026 10:50,24431.05,24432.2,24410.9,24425.1,5633447.0
20-04-2026 10:55,24425.5,24432.5,24415.8,24430.1,4677891.0
20-04-2026 11:00,24431.1,24436.15,24415.85,24433.15,5343149.0
20-04-2026 11:05,24433.6,24440.1,24406.45,24407.15,5262570.0
20-04-2026 11:10,24407.15,24422.6,24395.9,24407.65,6315586.0
20-04-2026 11:15,24408.45,24432.9,24407.2,24425.7,4092916.0
20-04-2026 11:20,24426.15,24456.65,24424.75,24455.15,3583211.0
20-04-2026 11:25,24455.45,24467.6,24448.85,24464.75,4094685.0
20-04-2026 11:30,24463.8,24467.85,24448.65,24451.8,4224351.0
20-04-2026 11:35,24451.75,24458.3,24439.9,24457.75,4841573.0
20-04-2026 11:40,24457.5,24471.15,24452.8,24462.75,5496678.0
20-04-2026 11:45,24462.4,24473.25,24461.05,24467.45,5086039.0
20-04-2026 11:50,24466.95,24467.65,24456.4,24465.35,3937974.0
20-04-2026 11:55,24465.35,24468.25,24459.4,24463.35,3908573.0
20-04-2026 12:00,24463.25,24469.6,24458.45,24459.9,3268851.0
20-04-2026 12:05,24459.6,24463.2,24448.75,24448.95,3174227.0
20-04-2026 12:10,24449.6,24450.6,24421.75,24433.2,4767579.0
20-04-2026 12:15,24433.2,24439.1,24426.0,24430.9,2835447.0
20-04-2026 12:20,24430.7,24446.25,24430.3,24445.7,3466433.0
20-04-2026 12:25,24445.5,24463.45,24444.1,24461.4,3385543.0
20-04-2026 12:30,24461.0,24468.7,24455.75,24466.25,2993550.0
20-04-2026 12:35,24465.75,24468.7,24453.15,24467.35,2973605.0
20-04-2026 12:40,24467.5,24470.5,24458.65,24462.35,3588640.0
20-04-2026 12:45,24462.1,24475.25,24461.05,24472.5,3293460.0
20-04-2026 12:50,24472.65,24480.65,24470.35,24473.7,3089191.0
20-04-2026 12:55,24474.5,24478.6,24460.75,24462.05,3582035.0
20-04-2026 13:00,24461.85,24463.15,24411.9,24439.25,5575428.0
20-04-2026 13:05,24439.35,24447.3,24420.65,24423.5,3460899.0
20-04-2026 13:10,24421.9,24423.7,24394.35,24414.3,4614768.0
20-04-2026 13:15,24414.05,24424.6,24397.2,24414.85,3961530.0
20-04-2026 13:20,24413.85,24416.55,24381.75,24390.8,4405026.0
20-04-2026 13:25,24391.2,24392.0,24359.2,24392.0,5626936.0
20-04-2026 13:30,24392.65,24400.15,24377.95,24396.3,3901097.0
20-04-2026 13:35,24395.45,24396.05,24369.2,24375.3,4322600.0
20-04-2026 13:40,24375.05,24404.8,24372.05,24396.35,3663857.0
20-04-2026 13:45,24395.6,24397.8,24380.45,24380.45,3794768.0
20-04-2026 13:50,24380.7,24391.9,24369.9,24390.65,4817353.0
20-04-2026 13:55,24391.3,24396.45,24378.55,24395.35,3794292.0
20-04-2026 14:00,24395.75,24396.05,24373.5,24393.1,3868351.0
20-04-2026 14:05,24392.6,24393.35,24372.25,24380.0,3977573.0
20-04-2026 14:10,24380.05,24395.6,24380.05,24393.75,3180893.0
20-04-2026 14:15,24393.95,24400.9,24388.1,24393.95,3075450.0
20-04-2026 14:20,24394.1,24418.4,24392.7,24415.35,3476685.0
20-04-2026 14:25,24415.65,24438.0,24411.65,24431.25,4988872.0
20-04-2026 14:30,24431.5,24431.6,24401.15,24423.2,5517995.0
20-04-2026 14:35,24423.65,24430.8,24399.75,24403.85,4828666.0
20-04-2026 14:40,24403.75,24405.1,24390.8,24401.25,4798984.0
20-04-2026 14:45,24402.35,24404.4,24371.95,24402.8,5088796.0
20-04-2026 14:50,24402.6,24407.25,24395.95,24407.25,3939665.0
20-04-2026 14:55,24406.75,24410.4,24398.95,24407.9,4255329.0
20-04-2026 15:00,24407.9,24424.6,24406.3,24408.55,7298975.0
20-04-2026 15:05,24408.5,24408.95,24385.6,24388.25,7777538.0
20-04-2026 15:10,24387.45,24397.05,24381.0,24381.8,8443728.0
20-04-2026 15:15,24382.25,24383.2,24323.85,24325.15,12155847.0
20-04-2026 15:20,24325.45,24338.65,24318.0,24320.6,11761473.0
20-04-2026 15:25,24320.05,24339.95,24320.05,24330.9,10815731.0
21-04-2026 09:15,24374.55,24470.35,24354.9,24468.9,18306339.0
21-04-2026 09:20,24468.15,24486.0,24456.1,24465.05,8544215.0
21-04-2026 09:25,24464.75,24475.25,24450.5,24450.5,7172230.0
21-04-2026 09:30,24449.15,24464.15,24442.45,24461.5,6088422.0
21-04-2026 09:35,24460.75,24477.65,24460.75,24469.7,6199721.0
21-04-2026 09:40,24470.65,24471.3,24450.75,24466.6,5203429.0
21-04-2026 09:45,24466.6,24510.6,24465.95,24502.2,8634010.0
21-04-2026 09:50,24501.4,24512.35,24485.0,24499.05,5126161.0
21-04-2026 09:55,24498.3,24501.95,24491.4,24499.25,3959908.0
21-04-2026 10:00,24499.95,24516.95,24498.3,24516.1,3856202.0
21-04-2026 10:05,24516.15,24524.85,24507.1,24523.2,4041986.0
21-04-2026 10:10,24522.9,24524.0,24510.75,24513.45,3861701.0
21-04-2026 10:15,24513.4,24524.65,24505.6,24506.2,3720269.0
21-04-2026 10:20,24506.8,24507.45,24495.05,24499.6,4166477.0
21-04-2026 10:25,24499.15,24500.5,24487.5,24495.4,3654888.0
21-04-2026 10:30,24493.6,24528.25,24491.2,24527.8,4702337.0
21-04-2026 10:35,24527.4,24535.15,24524.2,24531.75,4172821.0
21-04-2026 10:40,24531.75,24534.65,24515.85,24528.05,5292000.0
21-04-2026 10:45,24527.85,24533.55,24517.65,24525.5,3536535.0
21-04-2026 10:50,24525.8,24544.3,24522.3,24542.35,3644728.0
21-04-2026 10:55,24541.9,24561.5,24541.9,24549.1,3711771.0
21-04-2026 11:00,24549.25,24557.9,24540.0,24553.15,3727737.0
21-04-2026 11:05,24552.5,24565.1,24548.35,24554.05,4279002.0
21-04-2026 11:10,24551.3,24557.55,24543.8,24556.45,2748113.0
21-04-2026 11:15,24555.1,24557.1,24546.25,24550.8,2965744.0
21-04-2026 11:20,24551.05,24552.1,24535.2,24541.6,3104411.0
21-04-2026 11:25,24541.75,24544.1,24529.95,24539.15,3578192.0
21-04-2026 11:30,24539.2,24539.2,24516.4,24517.7,6101753.0
21-04-2026 11:35,24517.6,24533.05,24513.65,24524.8,6340521.0
21-04-2026 11:40,24524.3,24529.25,24516.2,24528.25,4437386.0
21-04-2026 11:45,24528.0,24543.95,24527.85,24530.3,4088558.0
21-04-2026 11:50,24530.4,24532.55,24521.8,24527.25,3591115.0
21-04-2026 11:55,24526.8,24538.35,24524.95,24531.65,2998861.0
21-04-2026 12:00,24531.8,24542.55,24527.2,24540.3,3282125.0
21-04-2026 12:05,24540.4,24548.4,24536.45,24543.65,2986313.0
21-04-2026 12:10,24543.25,24569.15,24543.25,24559.05,5274175.0
21-04-2026 12:15,24559.0,24561.9,24547.2,24561.65,4021083.0
21-04-2026 12:20,24560.5,24570.95,24555.8,24558.9,5126914.0
21-04-2026 12:25,24557.65,24564.85,24545.6,24547.2,4275197.0
21-04-2026 12:30,24547.65,24571.25,24547.1,24547.1,5490151.0
21-04-2026 12:35,24547.95,24564.35,24546.65,24555.0,3746407.0
21-04-2026 12:40,24555.4,24557.1,24545.85,24552.55,4141590.0
21-04-2026 12:45,24552.4,24553.9,24531.7,24539.15,4212184.0
21-04-2026 12:50,24539.1,24545.6,24527.7,24540.25,5316045.0
21-04-2026 12:55,24539.9,24549.1,24531.3,24537.9,3920402.0
21-04-2026 13:00,24538.7,24546.1,24528.3,24529.25,3518743.0
21-04-2026 13:05,24528.8,24539.8,24527.4,24531.75,4065724.0
21-04-2026 13:10,24531.9,24543.4,24525.35,24540.7,4012152.0
21-04-2026 13:15,24540.7,24555.8,24539.9,24541.8,4365192.0
21-04-2026 13:20,24541.95,24549.7,24536.25,24540.0,4232304.0
21-04-2026 13:25,24539.7,24553.65,24538.9,24552.35,4572686.0
21-04-2026 13:30,24552.6,24568.7,24551.95,24568.45,5358906.0
21-04-2026 13:35,24566.95,24569.8,24542.35,24553.45,4079297.0
21-04-2026 13:40,24552.75,24554.35,24523.5,24533.5,5678914.0
21-04-2026 13:45,24532.85,24540.8,24526.6,24538.65,4103608.0
21-04-2026 13:50,24538.5,24552.95,24538.25,24549.35,3336687.0
21-04-2026 13:55,24548.5,24563.8,24548.5,24554.6,4345190.0
21-04-2026 14:00,24554.35,24556.75,24534.5,24541.55,7215069.0
21-04-2026 14:05,24541.3,24542.2,24529.8,24531.35,3053912.0
21-04-2026 14:10,24532.25,24540.85,24522.6,24537.4,4342976.0
21-04-2026 14:15,24537.2,24569.3,24535.7,24553.35,7761837.0
21-04-2026 14:20,24553.75,24584.65,24553.75,24576.4,5883525.0
21-04-2026 14:25,24576.45,24578.2,24559.55,24572.6,4900214.0
21-04-2026 14:30,24573.6,24574.45,24560.05,24560.65,4800721.0
21-04-2026 14:35,24560.9,24563.45,24549.8,24550.6,5013344.0
21-04-2026 14:40,24550.6,24555.55,24526.05,24535.45,5376233.0
21-04-2026 14:45,24538.05,24552.4,24534.9,24549.55,6700037.0
21-04-2026 14:50,24550.3,24563.15,24548.65,24560.9,6617650.0
21-04-2026 14:55,24560.9,24572.85,24559.35,24568.35,5294920.0
21-04-2026 15:00,24568.2,24600.45,24548.9,24559.45,20517043.0
21-04-2026 15:05,24558.55,24591.6,24556.55,24573.4,16024584.0
21-04-2026 15:10,24572.3,24583.0,24565.1,24573.0,11623810.0
21-04-2026 15:15,24573.9,24601.7,24567.4,24580.25,13849566.0
21-04-2026 15:20,24580.05,24589.85,24571.6,24576.2,14142560.0
21-04-2026 15:25,24578.2,24587.75,24567.85,24580.6,10033236.0
21-04-2026 15:30,24580.6,24580.6,24580.6,24580.6,1767051.0
22-04-2026 09:15,24470.85,24515.95,24434.4,24479.3,25046142.0
22-04-2026 09:20,24477.45,24496.1,24459.15,24463.4,12168017.0
22-04-2026 09:25,24465.35,24465.35,24437.75,24440.4,9260020.0
22-04-2026 09:30,24439.45,24463.8,24427.65,24452.15,7363557.0
22-04-2026 09:35,24451.95,24466.45,24438.7,24438.7,7704680.0
22-04-2026 09:40,24437.95,24440.85,24420.5,24424.4,6204998.0
22-04-2026 09:45,24424.8,24433.55,24406.35,24416.95,5975798.0
22-04-2026 09:50,24418.25,24432.7,24405.85,24409.45,6863392.0
22-04-2026 09:55,24410.15,24410.15,24381.35,24382.25,6310454.0
22-04-2026 10:00,24382.9,24388.1,24352.9,24383.25,6652115.0
22-04-2026 10:05,24381.9,24384.25,24369.95,24381.7,5322272.0
22-04-2026 10:10,24381.65,24390.5,24371.15,24373.15,4575895.0
22-04-2026 10:15,24372.9,24385.55,24371.95,24375.4,4930340.0
22-04-2026 10:20,24375.8,24376.8,24353.7,24366.45,5044187.0
22-04-2026 10:25,24364.35,24377.35,24364.05,24373.05,5217419.0
22-04-2026 10:30,24372.3,24383.3,24367.2,24380.6,4779035.0
22-04-2026 10:35,24380.5,24402.1,24374.95,24401.25,5257986.0
22-04-2026 10:40,24401.5,24418.2,24398.95,24416.35,4902291.0
22-04-2026 10:45,24416.25,24436.1,24409.05,24424.15,5514039.0
22-04-2026 10:50,24423.65,24447.8,24423.65,24443.65,5102387.0
22-04-2026 10:55,24443.2,24447.6,24436.9,24439.9,4093785.0
22-04-2026 11:00,24440.2,24441.2,24426.4,24439.35,3072409.0
22-04-2026 11:05,24439.05,24441.0,24423.9,24424.75,3452222.0
22-04-2026 11:10,24424.35,24432.2,24412.3,24428.15,3451465.0
22-04-2026 11:15,24427.95,24439.4,24424.25,24438.15,3529684.0
22-04-2026 11:20,24438.2,24446.8,24430.8,24446.35,5659946.0
22-04-2026 11:25,24445.9,24449.7,24434.4,24435.45,4600319.0
22-04-2026 11:30,24435.95,24448.7,24433.95,24441.8,6274154.0
22-04-2026 11:35,24441.7,24443.45,24429.9,24430.65,4869473.0
22-04-2026 11:40,24430.75,24437.35,24417.05,24417.2,5731749.0
22-04-2026 11:45,24416.8,24416.8,24390.55,24405.75,5465273.0
22-04-2026 11:50,24405.65,24416.05,24404.0,24414.65,4406799.0
22-04-2026 11:55,24414.75,24428.25,24413.2,24426.9,5032035.0
22-04-2026 12:00,24426.85,24436.35,24426.35,24434.0,6953563.0
22-04-2026 12:05,24434.15,24435.6,24422.8,24422.8,8121561.0
22-04-2026 12:10,24424.1,24427.45,24409.75,24419.15,4792107.0
22-04-2026 12:15,24418.65,24422.75,24408.75,24409.65,4756011.0
22-04-2026 12:20,24410.3,24415.75,24403.0,24405.85,4173573.0
22-04-2026 12:25,24405.55,24419.35,24400.15,24409.9,4043470.0
22-04-2026 12:30,24410.2,24422.15,24409.8,24418.8,3956143.0
22-04-2026 12:35,24418.7,24420.15,24395.5,24411.1,3675019.0
22-04-2026 12:40,24411.6,24419.75,24407.65,24418.45,3559258.0
22-04-2026 12:45,24419.2,24423.15,24403.55,24407.4,6100658.0
22-04-2026 12:50,24406.95,24424.3,24405.05,24419.7,4409402.0
22-04-2026 12:55,24418.2,24433.4,24418.2,24429.75,3868319.0
22-04-2026 13:00,24431.8,24434.6,24419.8,24430.0,4845550.0
22-04-2026 13:05,24430.1,24437.7,24429.7,24431.45,5068964.0
22-04-2026 13:10,24432.3,24433.45,24417.8,24431.25,4558963.0
22-04-2026 13:15,24429.75,24433.15,24412.4,24412.65,4314380.0
22-04-2026 13:20,24412.8,24416.05,24385.45,24392.6,4613960.0
22-04-2026 13:25,24393.9,24415.6,24390.75,24415.6,4061102.0
22-04-2026 13:30,24415.9,24427.85,24409.0,24422.95,4090835.0
22-04-2026 13:35,24422.35,24430.25,24415.4,24420.75,3745778.0
22-04-2026 13:40,24419.9,24433.55,24419.9,24431.9,3697616.0
22-04-2026 13:45,24431.5,24434.55,24427.9,24432.35,3609908.0
22-04-2026 13:50,24431.75,24434.8,24415.1,24423.15,5467152.0
22-04-2026 13:55,24424.75,24453.05,24421.65,24449.55,6258797.0
22-04-2026 14:00,24449.85,24458.25,24419.5,24420.4,5457731.0
22-04-2026 14:05,24421.15,24433.75,24421.15,24422.6,4974349.0
22-04-2026 14:10,24423.05,24423.6,24405.9,24415.0,5205821.0
22-04-2026 14:15,24416.45,24418.1,24390.7,24403.35,5641647.0
22-04-2026 14:20,24403.3,24415.55,24396.2,24410.1,3770629.0
22-04-2026 14:25,24409.55,24416.95,24402.8,24405.6,3809996.0
22-04-2026 14:30,24405.65,24415.35,24402.8,24412.1,7299692.0
22-04-2026 14:35,24411.8,24430.0,24410.0,24416.1,5017861.0
22-04-2026 14:40,24417.8,24419.8,24411.7,24413.15,3822218.0
22-04-2026 14:45,24412.75,24420.45,24409.45,24414.45,4812165.0
22-04-2026 14:50,24414.1,24422.35,24408.5,24421.3,5301220.0
22-04-2026 14:55,24421.15,24430.25,24420.35,24425.75,5229924.0
22-04-2026 15:00,24423.15,24423.15,24381.3,24385.1,8789898.0
22-04-2026 15:05,24385.4,24385.75,24374.15,24378.9,7569051.0
22-04-2026 15:10,24378.6,24385.05,24374.85,24382.4,8577173.0
22-04-2026 15:15,24382.05,24392.65,24377.0,24378.45,10875423.0
22-04-2026 15:20,24379.1,24381.4,24367.55,24369.5,11512106.0
22-04-2026 15:25,24368.7,24371.9,24356.7,24367.65,11229821.0
23-04-2026 09:15,24202.35,24242.5,24134.8,24201.35,23020385.0
23-04-2026 09:20,24202.45,24228.05,24191.2,24210.65,10950937.0
23-04-2026 09:25,24210.65,24232.25,24193.45,24230.5,8601570.0
23-04-2026 09:30,24230.5,24256.9,24200.4,24213.15,8148863.0
23-04-2026 09:35,24214.8,24222.3,24193.5,24213.45,6519295.0
23-04-2026 09:40,24214.45,24247.05,24203.6,24242.65,8517558.0
23-04-2026 09:45,24244.7,24276.15,24233.6,24271.65,8134485.0
23-04-2026 09:50,24271.2,24298.95,24270.6,24282.95,13300930.0
23-04-2026 09:55,24283.75,24295.35,24282.95,24287.5,7918694.0
23-04-2026 10:00,24288.0,24307.5,24266.05,24306.3,8405918.0
23-04-2026 10:05,24306.55,24310.2,24281.8,24285.9,7188408.0
23-04-2026 10:10,24286.65,24287.6,24266.95,24275.35,5181256.0
23-04-2026 10:15,24276.8,24287.65,24260.6,24287.0,5320954.0
23-04-2026 10:20,24287.9,24291.65,24265.7,24269.75,5563913.0
23-04-2026 10:25,24270.3,24278.3,24260.8,24261.3,3727262.0
23-04-2026 10:30,24263.5,24265.4,24239.55,24244.35,3954494.0
23-04-2026 10:35,24245.45,24250.0,24221.65,24226.75,4977855.0
23-04-2026 10:40,24227.8,24229.15,24217.65,24220.0,3840705.0
23-04-2026 10:45,24221.3,24222.7,24185.2,24205.65,5119487.0
23-04-2026 10:50,24207.7,24217.5,24190.6,24210.7,3616213.0
23-04-2026 10:55,24211.85,24222.1,24197.4,24215.35,3503995.0
23-04-2026 11:00,24216.0,24223.2,24211.55,24223.15,5553369.0
23-04-2026 11:05,24223.75,24225.65,24211.7,24212.7,4132830.0
23-04-2026 11:10,24214.55,24218.2,24191.1,24191.85,5103743.0
23-04-2026 11:15,24193.2,24210.35,24188.0,24191.2,4315026.0
23-04-2026 11:20,24191.85,24204.45,24188.9,24189.75,4196414.0
23-04-2026 11:25,24191.95,24199.4,24186.75,24197.75,4379402.0
23-04-2026 11:30,24198.15,24203.95,24191.45,24192.25,3480387.0
23-04-2026 11:35,24193.8,24196.55,24181.85,24194.55,4351299.0
23-04-2026 11:40,24196.0,24197.1,24177.65,24178.15,4632231.0
23-04-2026 11:45,24179.0,24195.55,24172.85,24192.3,4218081.0
23-04-2026 11:50,24193.2,24218.1,24187.9,24213.25,4243193.0
23-04-2026 11:55,24214.45,24215.8,24202.35,24206.1,3949179.0
23-04-2026 12:00,24208.05,24208.05,24197.1,24199.45,3767911.0
23-04-2026 12:05,24200.35,24215.2,24195.95,24209.4,5069762.0
23-04-2026 12:10,24209.7,24225.9,24206.15,24222.5,4287339.0
23-04-2026 12:15,24222.95,24225.5,24215.55,24215.55,3349272.0
23-04-2026 12:20,24217.45,24231.5,24215.1,24223.15,5080231.0
23-04-2026 12:25,24223.95,24223.95,24179.35,24180.1,6235982.0
23-04-2026 12:30,24182.6,24183.75,24167.15,24178.55,5012144.0
23-04-2026 12:35,24179.75,24194.8,24167.1,24192.45,4811493.0
23-04-2026 12:40,24193.6,24203.0,24190.1,24201.65,4986716.0
23-04-2026 12:45,24202.6,24204.05,24187.15,24195.15,4641837.0
23-04-2026 12:50,24196.5,24205.85,24186.5,24203.55,4299211.0
23-04-2026 12:55,24204.7,24217.05,24202.8,24214.7,3799768.0
23-04-2026 13:00,24215.85,24216.1,24205.35,24210.25,4715686.0
23-04-2026 13:05,24211.1,24217.7,24200.75,24215.9,4824939.0
23-04-2026 13:10,24216.3,24218.5,24208.6,24216.2,4738529.0
23-04-2026 13:15,24217.25,24243.5,24208.2,24243.15,5581514.0
23-04-2026 13:20,24244.0,24276.9,24244.0,24273.3,7458902.0
23-04-2026 13:25,24272.7,24281.1,24255.55,24271.45,5379889.0
23-04-2026 13:30,24271.75,24272.45,24248.5,24248.75,3935487.0
23-04-2026 13:35,24249.2,24249.2,24208.1,24215.8,5978196.0
23-04-2026 13:40,24216.75,24219.55,24204.3,24213.7,5416341.0
23-04-2026 13:45,24214.95,24221.9,24207.75,24216.75,5534130.0
23-04-2026 13:50,24217.85,24234.85,24217.85,24234.05,8027303.0
23-04-2026 13:55,24233.8,24252.75,24229.95,24241.5,5389006.0
23-04-2026 14:00,24242.1,24242.75,24224.55,24234.45,5387189.0
23-04-2026 14:05,24235.5,24235.5,24219.55,24219.9,4468692.0
23-04-2026 14:10,24219.85,24219.85,24207.65,24209.2,5173514.0
23-04-2026 14:15,24209.1,24221.4,24203.4,24203.55,5842833.0
23-04-2026 14:20,24204.0,24217.6,24189.4,24202.25,6070582.0
23-04-2026 14:25,24203.35,24203.95,24189.2,24189.45,5476133.0
23-04-2026 14:30,24190.95,24190.95,24174.05,24175.15,4751705.0
23-04-2026 14:35,24176.15,24182.1,24167.35,24175.35,5409825.0
23-04-2026 14:40,24176.4,24182.5,24160.65,24162.6,5160393.0
23-04-2026 14:45,24163.75,24194.05,24157.95,24179.15,6150278.0
23-04-2026 14:50,24178.6,24190.55,24173.35,24178.7,5309888.0
23-04-2026 14:55,24179.65,24184.8,24173.85,24180.85,4480958.0
23-04-2026 15:00,24181.8,24216.7,24181.8,24192.0,13385378.0
23-04-2026 15:05,24191.9,24202.4,24177.55,24186.65,9311560.0
23-04-2026 15:10,24186.4,24189.05,24159.0,24160.0,10305211.0
23-04-2026 15:15,24160.75,24171.3,24152.2,24159.7,11051358.0
23-04-2026 15:20,24159.5,24175.1,24156.4,24161.9,12942292.0
23-04-2026 15:25,24162.15,24169.2,24149.8,24156.05,11519658.0
23-04-2026 15:30,24156.05,24156.05,24156.05,24156.05,1638643.0
24-04-2026 09:15,24100.55,24206.0,24100.25,24124.2,23742998.0
24-04-2026 09:20,24121.15,24121.75,24079.75,24091.1,11143196.0
24-04-2026 09:25,24091.3,24091.3,24056.6,24058.1,8627559.0
24-04-2026 09:30,24058.05,24061.6,24011.9,24017.65,8917935.0
24-04-2026 09:35,24017.3,24027.15,24001.1,24002.45,7683929.0
24-04-2026 09:40,24002.0,24006.4,23983.75,23984.25,7076290.0
24-04-2026 09:45,23985.4,23985.4,23957.0,23984.1,8294023.0
24-04-2026 09:50,23984.15,23987.15,23955.1,23959.1,5816096.0
24-04-2026 09:55,23957.4,23964.05,23944.1,23955.0,6082002.0
24-04-2026 10:00,23954.9,23995.4,23954.5,23990.4,6484164.0
24-04-2026 10:05,23990.4,24003.35,23986.35,23986.95,6560759.0
24-04-2026 10:10,23986.65,24000.9,23977.35,23992.85,5200901.0
24-04-2026 10:15,23992.25,23992.25,23969.1,23971.3,5340215.0
24-04-2026 10:20,23971.9,23974.7,23942.55,23943.9,4709687.0
24-04-2026 10:25,23943.95,23962.15,23937.25,23957.7,5102529.0
24-04-2026 10:30,23956.2,23971.2,23951.9,23965.4,4186274.0
24-04-2026 10:35,23965.25,23967.75,23945.75,23956.6,3398617.0
24-04-2026 10:40,23955.8,23959.7,23932.25,23933.65,4222766.0
24-04-2026 10:45,23933.4,23939.75,23914.9,23920.2,5095595.0
24-04-2026 10:50,23920.85,23944.0,23918.05,23942.05,5900622.0
24-04-2026 10:55,23943.35,23944.85,23923.95,23925.4,3542520.0
24-04-2026 11:00,23925.55,23928.2,23914.3,23924.4,3985980.0
24-04-2026 11:05,23925.1,23943.8,23920.9,23921.65,6040096.0
24-04-2026 11:10,23921.25,23926.15,23909.55,23916.2,3925825.0
24-04-2026 11:15,23915.1,23924.8,23903.25,23920.25,5227651.0
24-04-2026 11:20,23919.0,23938.5,23918.5,23928.65,4259147.0
24-04-2026 11:25,23928.6,23942.75,23926.4,23931.3,3427316.0
24-04-2026 11:30,23930.4,23949.3,23928.9,23939.7,3691957.0
24-04-2026 11:35,23938.8,23942.65,23925.35,23936.0,3291079.0
24-04-2026 11:40,23935.4,23937.6,23922.65,23927.05,4209096.0
24-04-2026 11:45,23926.3,23926.65,23905.7,23906.9,4166567.0
24-04-2026 11:50,23906.6,23907.6,23894.55,23899.2,4592144.0
24-04-2026 11:55,23899.05,23906.1,23893.4,23898.25,5400681.0
24-04-2026 12:00,23897.75,23908.0,23894.15,23906.75,3536364.0
24-04-2026 12:05,23905.9,23920.6,23903.65,23918.25,4097571.0
24-04-2026 12:10,23917.75,23933.05,23915.5,23930.65,5488930.0
24-04-2026 12:15,23930.8,23936.5,23922.8,23931.05,5801185.0
24-04-2026 12:20,23930.5,23932.8,23897.6,23897.6,4096968.0
24-04-2026 12:25,23897.7,23898.85,23878.8,23881.8,3419946.0
24-04-2026 12:30,23881.85,23906.9,23880.3,23906.4,3756869.0
24-04-2026 12:35,23905.85,23910.7,23888.7,23901.85,4366263.0
24-04-2026 12:40,23901.5,23906.35,23880.95,23882.1,3177743.0
24-04-2026 12:45,23881.1,23903.05,23881.1,23897.3,3820150.0
24-04-2026 12:50,23897.0,23910.65,23896.0,23905.6,4551461.0
24-04-2026 12:55,23905.3,23919.05,23900.7,23904.35,4346722.0
24-04-2026 13:00,23904.3,23905.5,23876.75,23876.85,3885342.0
24-04-2026 13:05,23876.25,23885.45,23873.45,23874.8,4465555.0
24-04-2026 13:10,23873.6,23875.5,23851.15,23865.5,4872651.0
24-04-2026 13:15,23865.6,23870.25,23855.9,23869.35,3785491.0
24-04-2026 13:20,23871.2,23877.6,23864.4,23868.25,4244878.0
24-04-2026 13:25,23868.25,23880.05,23865.75,23878.3,3277705.0
24-04-2026 13:30,23878.4,23878.55,23852.05,23855.55,4244724.0
24-04-2026 13:35,23854.65,23868.1,23835.85,23841.3,4209515.0
24-04-2026 13:40,23840.6,23845.8,23826.2,23830.4,4377364.0
24-04-2026 13:45,23829.6,23855.9,23829.6,23848.7,4355088.0
24-04-2026 13:50,23847.85,23858.55,23845.25,23854.55,3505467.0
24-04-2026 13:55,23854.0,23855.45,23838.3,23846.3,4289057.0
24-04-2026 14:00,23847.6,23849.95,23835.9,23838.75,4101869.0
24-04-2026 14:05,23840.25,23845.55,23813.65,23839.1,5944683.0
24-04-2026 14:10,23839.8,23847.6,23837.7,23841.65,4581189.0
24-04-2026 14:15,23841.45,23864.15,23840.15,23861.5,4617462.0
24-04-2026 14:20,23860.65,23878.6,23858.0,23863.05,4761281.0
24-04-2026 14:25,23863.15,23890.35,23858.75,23888.55,4539984.0
24-04-2026 14:30,23887.75,23915.25,23885.95,23906.85,6047388.0
24-04-2026 14:35,23907.3,23925.45,23907.3,23915.6,6785877.0
24-04-2026 14:40,23916.8,23926.9,23908.45,23926.0,5474830.0
24-04-2026 14:45,23925.45,23930.5,23915.05,23920.9,5727094.0
24-04-2026 14:50,23920.6,23930.15,23905.05,23916.0,6525816.0
24-04-2026 14:55,23916.3,23924.95,23911.1,23920.9,5537407.0
24-04-2026 15:00,23920.65,23920.65,23870.45,23871.2,10360025.0
24-04-2026 15:05,23871.35,23896.85,23863.3,23893.5,10162897.0
24-04-2026 15:10,23893.2,23896.65,23882.4,23895.45,11219896.0
24-04-2026 15:15,23895.25,23924.2,23894.5,23916.65,12607259.0
24-04-2026 15:20,23915.15,23917.05,23899.35,23910.9,13301140.0
24-04-2026 15:25,23910.2,23914.3,23900.7,23903.95,11017162.0
27-04-2026 09:15,23945.45,24049.55,23936.2,24020.35,21603510.0
27-04-2026 09:20,24020.4,24067.5,24020.4,24046.6,10628972.0
27-04-2026 09:25,24044.45,24062.8,24025.3,24042.0,10344379.0
27-04-2026 09:30,24045.05,24057.7,24003.6,24008.85,8820417.0
27-04-2026 09:35,24008.9,24033.25,23998.3,24007.2,7136003.0
27-04-2026 09:40,24006.85,24045.4,24006.85,24045.4,7804997.0
27-04-2026 09:45,24043.9,24085.15,24043.45,24082.15,8179402.0
27-04-2026 09:50,24082.25,24101.55,24075.45,24099.8,7285361.0
27-04-2026 09:55,24099.15,24107.6,24092.35,24099.05,6459477.0
27-04-2026 10:00,24098.75,24102.65,24079.6,24080.2,5698196.0
27-04-2026 10:05,24079.1,24091.15,24068.9,24081.1,5018533.0
27-04-2026 10:10,24080.95,24090.0,24061.7,24063.3,4536040.0
27-04-2026 10:15,24063.9,24103.15,24063.9,24097.45,5049758.0
27-04-2026 10:20,24097.45,24098.0,24063.75,24066.3,4702093.0
27-04-2026 10:25,24067.3,24071.35,24045.4,24058.3,5328055.0
27-04-2026 10:30,24058.1,24061.2,24013.0,24023.2,4586784.0
27-04-2026 10:35,24022.5,24032.6,24014.4,24017.25,4422082.0
27-04-2026 10:40,24016.25,24049.7,24014.05,24043.45,4555806.0
27-04-2026 10:45,24041.6,24068.35,24025.75,24067.6,3732364.0
27-04-2026 10:50,24067.7,24088.95,24066.0,24080.1,3795463.0
27-04-2026 10:55,24079.85,24082.45,24071.35,24072.2,3687335.0
27-04-2026 11:00,24071.95,24076.6,24054.75,24063.6,4462919.0
27-04-2026 11:05,24062.85,24066.9,24026.85,24030.55,4565942.0
27-04-2026 11:10,24030.25,24059.3,24029.65,24056.9,4477681.0
27-04-2026 11:15,24055.45,24077.5,24053.3,24071.6,3541551.0
27-04-2026 11:20,24071.15,24073.05,24056.3,24058.0,4681093.0
27-04-2026 11:25,24057.4,24057.6,24029.7,24030.95,5385298.0
27-04-2026 11:30,24031.65,24039.85,24005.85,24014.15,4914638.0
27-04-2026 11:35,24012.9,24012.9,23974.4,23990.35,6212534.0
27-04-2026 11:40,23990.0,24002.1,23987.15,23998.65,6036440.0
27-04-2026 11:45,23998.45,24024.3,23984.3,24022.25,4173986.0
27-04-2026 11:50,24023.45,24023.45,24002.55,24019.2,3982400.0
27-04-2026 11:55,24019.3,24039.9,24018.35,24037.2,4569445.0
27-04-2026 12:00,24036.2,24038.3,24022.8,24030.25,3442588.0
27-04-2026 12:05,24028.6,24045.15,24027.0,24033.3,4091946.0
27-04-2026 12:10,24034.55,24044.85,24032.55,24040.5,4105393.0
27-04-2026 12:15,24039.85,24048.1,24035.7,24044.75,3841784.0
27-04-2026 12:20,24044.25,24046.25,24031.2,24043.75,3718356.0
27-04-2026 12:25,24043.6,24066.1,24042.45,24059.0,5158754.0
27-04-2026 12:30,24057.75,24077.95,24056.95,24076.05,3842740.0
27-04-2026 12:35,24075.15,24092.85,24074.7,24078.65,4248096.0
27-04-2026 12:40,24077.9,24082.5,24071.1,24075.7,3668333.0
27-04-2026 12:45,24074.75,24078.65,24069.7,24072.7,3342265.0
27-04-2026 12:50,24072.75,24084.0,24065.45,24074.3,4419731.0
27-04-2026 12:55,24073.25,24077.7,24067.2,24071.5,4162492.0
27-04-2026 13:00,24071.7,24088.4,24071.7,24082.3,3768135.0
27-04-2026 13:05,24082.5,24091.95,24069.4,24090.95,3486416.0
27-04-2026 13:10,24090.0,24100.0,24079.9,24099.75,4514259.0
27-04-2026 13:15,24100.2,24116.6,24099.2,24104.65,3846494.0
27-04-2026 13:20,24102.0,24112.4,24093.3,24109.95,4071128.0
27-04-2026 13:25,24109.4,24120.55,24106.55,24107.5,4796337.0
27-04-2026 13:30,24107.8,24110.95,24099.4,24109.0,4510327.0
27-04-2026 13:35,24108.9,24118.25,24107.05,24112.1,3709492.0
27-04-2026 13:40,24111.55,24127.2,24110.9,24116.25,4325600.0
27-04-2026 13:45,24114.75,24129.55,24108.4,24109.7,4402051.0
27-04-2026 13:50,24109.35,24117.1,24102.45,24116.3,4274527.0
27-04-2026 13:55,24115.2,24119.55,24106.2,24114.25,4100024.0
27-04-2026 14:00,24113.35,24120.3,24106.4,24114.3,3429457.0
27-04-2026 14:05,24113.1,24119.8,24105.65,24109.8,2969841.0
27-04-2026 14:10,24109.85,24124.55,24109.1,24122.2,4229629.0
27-04-2026 14:15,24122.1,24124.0,24110.55,24119.65,3986292.0
27-04-2026 14:20,24118.7,24119.85,24108.15,24110.0,3723620.0
27-04-2026 14:25,24109.65,24112.8,24102.2,24111.2,3773791.0
27-04-2026 14:30,24110.45,24110.45,24080.45,24083.5,5371540.0
27-04-2026 14:35,24083.0,24107.45,24078.9,24096.65,6302312.0
27-04-2026 14:40,24097.15,24112.5,24091.75,24110.65,7864196.0
27-04-2026 14:45,24110.05,24111.5,24097.8,24107.75,7883582.0
27-04-2026 14:50,24105.6,24126.15,24103.3,24126.15,6641257.0
27-04-2026 14:55,24125.6,24130.7,24113.8,24121.95,6824869.0
27-04-2026 15:00,24118.2,24119.45,24093.35,24099.55,10072849.0
27-04-2026 15:05,24098.95,24100.25,24089.8,24093.7,9272390.0
27-04-2026 15:10,24093.05,24102.7,24088.95,24094.3,9800640.0
27-04-2026 15:15,24095.15,24096.5,24077.85,24079.8,12257464.0
27-04-2026 15:20,24081.5,24099.55,24079.65,24090.3,12788457.0
27-04-2026 15:25,24090.2,24112.75,24082.25,24110.2,10554801.0
28-04-2026 09:15,24049.9,24096.95,23999.25,24093.85,22058523.0
28-04-2026 09:20,24094.75,24109.95,24074.25,24086.7,13343534.0
28-04-2026 09:25,24086.8,24133.65,24086.8,24115.35,10288702.0
28-04-2026 09:30,24116.2,24120.05,24100.2,24105.95,8560160.0
28-04-2026 09:35,24107.0,24112.8,24090.4,24101.9,8541040.0
28-04-2026 09:40,24103.2,24133.75,24101.55,24128.3,9601420.0
28-04-2026 09:45,24130.8,24149.85,24120.55,24120.8,9184294.0
28-04-2026 09:50,24121.7,24128.5,24112.95,24123.35,8134115.0
28-04-2026 09:55,24124.7,24156.6,24124.4,24155.3,5930892.0
28-04-2026 10:00,24154.35,24168.55,24153.75,24155.2,9007809.0
28-04-2026 10:05,24155.5,24166.35,24145.4,24160.55,7138728.0
28-04-2026 10:10,24161.15,24162.2,24145.05,24148.3,8161079.0
28-04-2026 10:15,24148.4,24162.1,24144.5,24157.4,7921715.0
28-04-2026 10:20,24158.5,24175.05,24154.8,24170.6,4659230.0
28-04-2026 10:25,24170.8,24181.8,24164.45,24166.8,6047933.0
28-04-2026 10:30,24168.2,24171.95,24150.3,24152.0,4393624.0
28-04-2026 10:35,24152.8,24153.35,24134.0,24139.8,4926146.0
28-04-2026 10:40,24139.95,24140.4,24124.25,24134.85,5927647.0
28-04-2026 10:45,24135.6,24154.6,24134.35,24150.3,4099300.0
28-04-2026 10:50,24151.9,24165.95,24150.45,24162.2,4371323.0
28-04-2026 10:55,24163.5,24174.65,24162.45,24167.8,4377559.0
28-04-2026 11:00,24169.85,24169.85,24153.25,24161.35,4487637.0
28-04-2026 11:05,24162.15,24163.1,24137.5,24144.95,6287823.0
28-04-2026 11:10,24145.9,24149.1,24132.6,24148.0,4595213.0
28-04-2026 11:15,24148.15,24148.95,24124.35,24127.0,3896663.0
28-04-2026 11:20,24129.0,24137.55,24109.95,24111.65,4272110.0
28-04-2026 11:25,24112.15,24112.25,24057.9,24058.0,6300326.0
28-04-2026 11:30,24057.85,24065.7,24045.35,24059.25,5663014.0
28-04-2026 11:35,24060.6,24083.95,24058.45,24082.0,4641193.0
28-04-2026 11:40,24082.3,24086.75,24073.3,24085.4,5216846.0
28-04-2026 11:45,24086.45,24093.8,24078.05,24085.95,3838381.0
28-04-2026 11:50,24086.55,24088.5,24072.2,24074.6,4058200.0
28-04-2026 11:55,24075.3,24077.35,24055.6,24056.0,4411240.0
28-04-2026 12:00,24058.1,24058.6,24034.3,24039.5,4866105.0
28-04-2026 12:05,24038.95,24041.75,24029.3,24035.35,6121676.0
28-04-2026 12:10,24033.6,24050.9,24033.6,24048.25,4695525.0
28-04-2026 12:15,24046.85,24057.45,24035.0,24036.0,5181029.0
28-04-2026 12:20,24036.0,24040.15,24003.85,24017.45,5824268.0
28-04-2026 12:25,24015.85,24030.05,24008.7,24012.45,3858390.0
28-04-2026 12:30,24011.9,24013.0,23992.3,24004.25,5161927.0
28-04-2026 12:35,24006.1,24020.15,24004.25,24007.85,6215403.0
28-04-2026 12:40,24009.35,24031.0,24007.15,24029.85,4319147.0
28-04-2026 12:45,24030.8,24038.5,24021.4,24031.45,5779262.0
28-04-2026 12:50,24033.1,24040.45,24022.0,24022.55,3827596.0
28-04-2026 12:55,24023.05,24029.55,24006.0,24007.35,3928228.0
28-04-2026 13:00,24007.9,24029.95,23999.7,24018.2,5916185.0
28-04-2026 13:05,24018.45,24033.65,24015.05,24030.55,4520665.0
28-04-2026 13:10,24030.75,24034.0,24017.6,24017.6,3963571.0
28-04-2026 13:15,24018.7,24037.85,24018.05,24033.95,3115893.0
28-04-2026 13:20,24035.35,24043.5,24023.2,24041.5,5061742.0
28-04-2026 13:25,24042.5,24049.0,24019.45,24019.45,6171778.0
28-04-2026 13:30,24021.05,24022.05,23995.7,23998.9,4812635.0
28-04-2026 13:35,23999.65,24001.4,23961.25,23992.55,8074814.0
28-04-2026 13:40,23993.3,24014.9,23990.3,24002.65,4840940.0
28-04-2026 13:45,24003.05,24005.0,23988.8,23988.8,4759695.0
28-04-2026 13:50,23989.55,24016.35,23985.75,24010.45,3732024.0
28-04-2026 13:55,24011.05,24029.85,23995.3,24010.55,4459550.0
28-04-2026 14:00,24011.6,24011.75,23999.75,24004.2,3855859.0
28-04-2026 14:05,24004.7,24008.1,23995.85,24007.3,4921765.0
28-04-2026 14:10,24007.7,24007.7,23981.95,23981.95,5056229.0
28-04-2026 14:15,23983.2,23998.55,23972.95,23993.35,7557901.0
28-04-2026 14:20,23994.15,24013.45,23988.6,24004.75,5241582.0
28-04-2026 14:25,24005.4,24012.1,23990.75,23997.4,4868810.0
28-04-2026 14:30,23998.95,24036.6,23998.45,24008.85,8740501.0
28-04-2026 14:35,24010.3,24031.0,24008.2,24023.6,5373151.0
28-04-2026 14:40,24024.85,24032.9,24012.1,24032.2,5540707.0
28-04-2026 14:45,24032.0,24041.6,24019.1,24037.05,6790096.0
28-04-2026 14:50,24038.75,24045.75,24030.25,24044.35,8313239.0
28-04-2026 14:55,24045.65,24046.45,24028.85,24039.15,7489229.0
28-04-2026 15:00,24039.85,24042.45,23988.4,24002.15,17006581.0
28-04-2026 15:05,24002.7,24014.55,23979.4,23979.55,18172683.0
28-04-2026 15:10,23980.4,23981.35,23968.65,23972.45,13782489.0
28-04-2026 15:15,23972.75,23974.65,23957.05,23968.45,25846850.0
28-04-2026 15:20,23969.25,23981.05,23963.55,23981.05,28547366.0
28-04-2026 15:25,23982.45,24016.5,23980.8,24016.5,29464854.0
28-04-2026 15:30,24013.95,24013.95,23995.7,23995.7,29886560.0
28-04-2026 15:35,23995.7,23995.7,23995.7,23995.7,30371042.0
29-04-2026 09:15,24096.9,24123.55,24070.35,24090.8,41813941.0
29-04-2026 09:20,24091.0,24120.4,24059.95,24077.9,21862705.0
29-04-2026 09:25,24079.65,24114.15,24066.95,24111.55,12830731.0
29-04-2026 09:30,24110.45,24126.95,24087.35,24092.35,12053007.0
29-04-2026 09:35,24093.15,24111.1,24087.55,24105.05,16680208.0
29-04-2026 09:40,24106.95,24144.45,24102.8,24141.35,10199419.0
29-04-2026 09:45,24142.65,24164.95,24141.8,24164.8,9241191.0
29-04-2026 09:50,24165.9,24177.9,24158.4,24173.95,7584724.0
29-04-2026 09:55,24176.2,24180.5,24165.9,24173.2,9016341.0
29-04-2026 10:00,24174.6,24211.5,24174.6,24201.3,10881835.0
29-04-2026 10:05,24202.7,24217.55,24196.65,24211.75,9321931.0
29-04-2026 10:10,24212.7,24236.8,24210.5,24233.8,6944943.0
29-04-2026 10:15,24235.2,24252.95,24234.65,24243.1,9472320.0
29-04-2026 10:20,24246.1,24273.65,24243.3,24270.45,7674336.0
29-04-2026 10:25,24270.65,24296.3,24264.3,24290.15,8258674.0
29-04-2026 10:30,24290.4,24290.95,24264.05,24283.2,7896080.0
29-04-2026 10:35,24285.0,24291.7,24268.7,24268.7,6148091.0
29-04-2026 10:40,24271.1,24274.55,24263.1,24267.45,7214202.0
29-04-2026 10:45,24268.4,24272.8,24254.8,24271.65,8432273.0
29-04-2026 10:50,24272.6,24290.05,24270.55,24285.05,5912904.0
29-04-2026 10:55,24286.6,24290.65,24280.9,24287.1,6781262.0
29-04-2026 11:00,24288.25,24298.95,24276.45,24277.05,5890487.0
29-04-2026 11:05,24277.45,24294.75,24273.1,24292.6,5589864.0
29-04-2026 11:10,24294.0,24294.6,24282.1,24288.15,4935966.0
29-04-2026 11:15,24289.9,24295.35,24268.3,24276.1,6002676.0
29-04-2026 11:20,24277.5,24294.5,24273.75,24277.35,5687530.0
29-04-2026 11:25,24278.1,24283.7,24260.0,24263.25,4535518.0
29-04-2026 11:30,24266.1,24282.35,24263.5,24278.15,4753853.0
29-04-2026 11:35,24278.8,24281.7,24272.3,24276.6,3738218.0
29-04-2026 11:40,24278.2,24286.4,24270.75,24271.85,3852470.0
29-04-2026 11:45,24273.3,24275.75,24263.65,24267.05,5734377.0
29-04-2026 11:50,24269.6,24277.85,24265.9,24271.05,4124392.0
29-04-2026 11:55,24272.45,24277.85,24267.25,24276.95,3795896.0
29-04-2026 12:00,24278.2,24283.65,24272.7,24273.05,3886468.0
29-04-2026 12:05,24274.45,24284.25,24267.55,24283.0,3228471.0
29-04-2026 12:10,24284.6,24311.9,24283.45,24293.15,6733461.0
29-04-2026 12:15,24295.1,24304.95,24293.2,24301.55,3205457.0
29-04-2026 12:20,24302.85,24311.05,24294.2,24310.45,4083181.0
29-04-2026 12:25,24311.45,24317.1,24304.8,24307.1,2977341.0
29-04-2026 12:30,24309.35,24327.3,24305.5,24324.7,4020852.0
29-04-2026 12:35,24325.9,24331.4,24322.55,24328.6,3954333.0
29-04-2026 12:40,24330.3,24331.8,24314.55,24321.6,4600860.0
29-04-2026 12:45,24323.15,24327.1,24316.65,24321.3,3460689.0
29-04-2026 12:50,24323.55,24329.7,24315.45,24321.3,4618304.0
29-04-2026 12:55,24322.4,24325.7,24314.6,24316.85,4820464.0
29-04-2026 13:00,24318.95,24321.5,24311.5,24317.4,4706237.0
29-04-2026 13:05,24316.55,24334.7,24314.75,24319.2,3686317.0
29-04-2026 13:10,24320.9,24332.5,24313.8,24318.2,4217518.0
29-04-2026 13:15,24319.7,24322.85,24311.65,24320.85,3408899.0
29-04-2026 13:20,24322.8,24325.85,24306.25,24310.2,3761394.0
29-04-2026 13:25,24311.5,24320.45,24304.6,24305.2,4150343.0
29-04-2026 13:30,24307.25,24317.0,24305.75,24313.1,5153196.0
29-04-2026 13:35,24314.35,24316.75,24281.95,24285.0,5176313.0
29-04-2026 13:40,24286.3,24286.3,24267.5,24272.55,6724694.0
29-04-2026 13:45,24273.65,24273.9,24255.6,24266.05,6294909.0
29-04-2026 13:50,24268.75,24283.3,24263.15,24269.85,5838237.0
29-04-2026 13:55,24271.4,24280.0,24254.95,24254.95,5267479.0
29-04-2026 14:00,24256.2,24259.85,24200.75,24202.45,6984985.0
29-04-2026 14:05,24205.5,24225.25,24200.85,24207.2,5031935.0
29-04-2026 14:10,24208.45,24217.35,24197.45,24214.6,4322265.0
29-04-2026 14:15,24215.6,24215.6,24189.3,24189.3,3526087.0
29-04-2026 14:20,24190.65,24217.5,24184.95,24214.45,4458783.0
29-04-2026 14:25,24216.35,24216.35,24185.95,24186.7,3779989.0
29-04-2026 14:30,24188.45,24211.25,24182.1,24207.75,5011030.0
29-04-2026 14:35,24209.25,24209.25,24193.1,24205.05,3604885.0
29-04-2026 14:40,24206.4,24229.25,24204.35,24229.15,3660125.0
29-04-2026 14:45,24230.7,24230.7,24200.75,24206.0,3852101.0
29-04-2026 14:50,24208.0,24211.55,24197.0,24206.1,3922384.0
29-04-2026 14:55,24208.15,24208.35,24183.9,24185.45,4656373.0
29-04-2026 15:00,24187.35,24209.8,24184.3,24189.5,9413895.0
29-04-2026 15:05,24189.7,24199.55,24186.75,24192.45,9696647.0
29-04-2026 15:10,24193.0,24193.0,24168.65,24170.15,10659329.0
29-04-2026 15:15,24170.0,24171.4,24155.7,24158.1,12305979.0
29-04-2026 15:20,24157.3,24164.45,24152.2,24160.8,14051915.0
29-04-2026 15:25,24157.65,24169.45,24142.95,24163.6,12482143.0
30-04-2026 09:15,23996.95,24019.15,23940.95,23945.25,29373511.0
30-04-2026 09:20,23945.8,23951.25,23882.7,23900.8,13841357.0
30-04-2026 09:25,23900.15,23904.7,23872.75,23876.95,10438044.0
30-04-2026 09:30,23874.1,23919.1,23864.55,23918.75,8631854.0
30-04-2026 09:35,23917.55,23923.8,23896.25,23908.95,9104002.0
30-04-2026 09:40,23908.5,23939.6,23891.6,23937.8,6412591.0
30-04-2026 09:45,23938.3,23956.45,23917.0,23920.55,6180223.0
30-04-2026 09:50,23920.25,23924.4,23901.8,23905.15,6163196.0
30-04-2026 09:55,23903.9,23907.7,23875.35,23880.2,5689554.0
30-04-2026 10:00,23880.0,23880.0,23847.6,23849.6,6890762.0
30-04-2026 10:05,23848.75,23865.65,23832.15,23842.15,9205338.0
30-04-2026 10:10,23841.45,23843.15,23824.1,23828.6,7069371.0
30-04-2026 10:15,23828.7,23841.8,23800.65,23838.45,7042931.0
30-04-2026 10:20,23837.95,23845.75,23811.6,23821.05,5763098.0
30-04-2026 10:25,23821.35,23831.65,23814.65,23827.6,3839919.0
30-04-2026 10:30,23827.1,23838.95,23821.35,23834.95,5224276.0
30-04-2026 10:35,23835.5,23854.9,23829.85,23851.75,5595830.0
30-04-2026 10:40,23851.85,23857.3,23827.55,23843.7,4327774.0
30-04-2026 10:45,23842.5,23844.3,23817.5,23818.6,4097755.0
30-04-2026 10:50,23819.1,23824.7,23807.05,23811.7,4746331.0
30-04-2026 10:55,23811.25,23820.45,23799.05,23815.85,4894933.0
30-04-2026 11:00,23816.4,23825.9,23810.3,23815.2,3513499.0
30-04-2026 11:05,23814.95,23833.1,23810.15,23826.2,3678767.0
30-04-2026 11:10,23826.2,23827.75,23798.5,23799.9,3763233.0
30-04-2026 11:15,23800.9,23819.85,23796.85,23808.65,3388264.0
30-04-2026 11:20,23807.2,23811.75,23800.1,23807.7,5057749.0
30-04-2026 11:25,23807.7,23835.15,23806.4,23831.65,4332072.0
30-04-2026 11:30,23831.1,23839.8,23821.7,23838.05,4373912.0
30-04-2026 11:35,23838.45,23853.15,23832.85,23846.4,5664222.0
30-04-2026 11:40,23846.5,23849.25,23834.55,23835.65,6125750.0
30-04-2026 11:45,23835.05,23848.55,23833.3,23846.8,7061279.0
30-04-2026 11:50,23846.0,23848.95,23826.3,23834.45,3422698.0
30-04-2026 11:55,23834.6,23848.7,23831.4,23842.55,5626314.0
30-04-2026 12:00,23842.45,23848.1,23830.35,23843.5,7304745.0
30-04-2026 12:05,23842.45,23877.95,23841.2,23868.3,6770040.0
30-04-2026 12:10,23868.45,23899.75,23861.45,23899.75,5918503.0
30-04-2026 12:15,23899.05,23905.75,23882.15,23882.15,4221223.0
30-04-2026 12:20,23881.05,23914.5,23873.3,23911.6,4851680.0
30-04-2026 12:25,23910.8,23919.6,23902.0,23911.45,4177413.0
30-04-2026 12:30,23912.0,23918.2,23894.0,23915.05,3972039.0
30-04-2026 12:35,23914.6,23918.35,23892.25,23904.95,3231897.0
30-04-2026 12:40,23903.65,23916.35,23901.25,23912.95,3434340.0
30-04-2026 12:45,23912.65,23934.15,23912.55,23926.8,3951620.0
30-04-2026 12:50,23925.85,23932.1,23917.15,23932.1,2779888.0
30-04-2026 12:55,23931.05,23943.45,23926.65,23936.85,3126461.0
30-04-2026 13:00,23935.75,23943.6,23926.15,23927.75,3320804.0
30-04-2026 13:05,23926.65,23941.35,23908.05,23940.45,5611774.0
30-04-2026 13:10,23940.3,23956.3,23933.85,23950.15,4131737.0
30-04-2026 13:15,23948.85,23953.7,23938.35,23940.1,5320643.0
30-04-2026 13:20,23938.95,23978.15,23938.75,23968.0,5733756.0
30-04-2026 13:25,23967.5,23982.45,23955.45,23971.15,5111501.0
30-04-2026 13:30,23970.55,23981.75,23962.6,23973.85,4620267.0
30-04-2026 13:35,23975.4,23998.45,23974.05,23977.8,6817946.0
30-04-2026 13:40,23977.8,24031.7,23977.05,24029.8,6336717.0
30-04-2026 13:45,24029.05,24044.45,24022.85,24039.2,5067597.0
30-04-2026 13:50,24039.1,24040.6,24011.6,24033.95,4757729.0
30-04-2026 13:55,24033.6,24061.1,24033.6,24055.05,4489703.0
30-04-2026 14:00,24054.9,24057.6,24036.0,24038.2,4458066.0
30-04-2026 14:05,24037.85,24044.9,24015.5,24043.9,4867579.0
30-04-2026 14:10,24042.7,24047.7,24019.85,24022.85,4889357.0
30-04-2026 14:15,24021.5,24032.8,23995.3,23997.0,4308128.0
30-04-2026 14:20,23996.2,24018.85,23989.3,24011.9,5739121.0
30-04-2026 14:25,24011.85,24016.35,23984.45,24007.15,5709502.0
30-04-2026 14:30,24006.15,24035.9,24004.8,24034.6,4533189.0
30-04-2026 14:35,24034.25,24063.4,24031.2,24062.25,5501182.0
30-04-2026 14:40,24062.75,24087.45,24054.35,24075.1,6183650.0
30-04-2026 14:45,24074.75,24081.25,24036.75,24036.75,5242857.0
30-04-2026 14:50,24037.3,24040.1,24013.0,24024.8,7484773.0
30-04-2026 14:55,24024.6,24054.6,24021.8,24050.2,6072953.0
30-04-2026 15:00,24051.95,24051.95,23996.45,24001.65,19082693.0
30-04-2026 15:05,24001.9,24003.2,23966.15,23970.95,16158028.0
30-04-2026 15:10,23973.1,23991.3,23962.95,23991.3,14263965.0
30-04-2026 15:15,23992.1,24009.2,23984.65,24004.1,14886688.0
30-04-2026 15:20,24004.1,24010.05,23986.6,24010.0,17181335.0
30-04-2026 15:25,24011.15,24051.8,24005.15,24043.7,17391469.0
04-05-2026 09:15,24063.55,24245.85,24061.85,24177.05,30618122.0
04-05-2026 09:20,24178.9,24214.7,24164.1,24179.65,13312314.0
04-05-2026 09:25,24181.85,24220.4,24181.85,24214.55,8109234.0
04-05-2026 09:30,24215.6,24235.0,24181.05,24229.5,8362564.0
04-05-2026 09:35,24229.2,24269.45,24229.2,24261.0,7590452.0
04-05-2026 09:40,24262.05,24290.2,24259.95,24276.65,8273360.0
04-05-2026 09:45,24279.25,24283.8,24265.95,24269.35,6013982.0
04-05-2026 09:50,24270.15,24272.6,24225.25,24232.15,6688072.0
04-05-2026 09:55,24234.15,24248.1,24229.55,24246.2,4875365.0
04-05-2026 10:00,24247.25,24259.75,24215.05,24223.95,5465201.0
04-05-2026 10:05,24224.0,24246.25,24221.9,24223.6,6554749.0
04-05-2026 10:10,24224.55,24230.05,24172.45,24175.2,5561611.0
04-05-2026 10:15,24175.3,24190.4,24164.65,24174.7,4729728.0
04-05-2026 10:20,24172.6,24180.85,24142.8,24151.4,5045240.0
04-05-2026 10:25,24151.4,24196.85,24150.2,24196.65,3953366.0
04-05-2026 10:30,24197.5,24223.35,24172.2,24186.7,4893950.0
04-05-2026 10:35,24186.8,24217.35,24184.2,24213.5,3646605.0
04-05-2026 10:40,24213.65,24222.2,24206.65,24219.15,3438256.0
04-05-2026 10:45,24219.3,24240.65,24213.45,24232.35,3570619.0
04-05-2026 10:50,24231.9,24237.1,24215.45,24220.3,3133125.0
04-05-2026 10:55,24220.05,24221.65,24186.2,24187.25,3465736.0
04-05-2026 11:00,24188.3,24205.9,24175.65,24202.65,4130635.0
04-05-2026 11:05,24203.2,24216.1,24194.35,24206.55,3700443.0
04-05-2026 11:10,24207.05,24227.8,24204.65,24227.25,4539047.0
04-05-2026 11:15,24227.5,24242.25,24226.45,24229.85,16084835.0
04-05-2026 11:20,24230.2,24238.6,24224.8,24233.2,4975355.0
04-05-2026 11:25,24233.4,24239.05,24224.1,24237.4,4611246.0
04-05-2026 11:30,24237.3,24241.2,24225.05,24231.0,4776044.0
04-05-2026 11:35,24231.0,24242.8,24218.55,24237.7,4817192.0
04-05-2026 11:40,24237.95,24238.4,24221.75,24228.45,4825483.0
04-05-2026 11:45,24229.0,24249.15,24229.0,24239.25,3924633.0
04-05-2026 11:50,24239.35,24244.05,24220.65,24223.3,4435539.0
04-05-2026 11:55,24224.9,24227.45,24212.9,24221.05,3880150.0
04-05-2026 12:00,24222.5,24229.9,24210.3,24213.15,3752913.0
04-05-2026 12:05,24212.45,24219.45,24190.85,24199.6,4079310.0
04-05-2026 12:10,24200.0,24200.95,24115.8,24117.0,6803897.0
04-05-2026 12:15,24117.35,24144.7,24106.5,24144.1,5011716.0
04-05-2026 12:20,24144.35,24154.1,24121.8,24135.75,3910952.0
04-05-2026 12:25,24136.1,24145.65,24127.2,24132.8,4590901.0
04-05-2026 12:30,24132.65,24134.65,24106.95,24107.95,3654376.0
04-05-2026 12:35,24108.65,24127.15,24106.05,24125.4,3817434.0
04-05-2026 12:40,24126.15,24133.55,24098.55,24100.55,4690157.0
04-05-2026 12:45,24100.95,24119.05,24083.6,24092.85,4410294.0
04-05-2026 12:50,24094.05,24118.65,24092.0,24108.25,3735194.0
04-05-2026 12:55,24108.7,24118.85,24101.55,24103.8,4926008.0
04-05-2026 13:00,24104.2,24106.35,24090.55,24101.75,3008177.0
04-05-2026 13:05,24101.55,24114.4,24096.85,24113.9,3103963.0
04-05-2026 13:10,24113.8,24121.35,24107.15,24109.1,2943697.0
04-05-2026 13:15,24109.05,24111.75,24079.45,24101.45,3426066.0
04-05-2026 13:20,24100.85,24102.6,24058.8,24070.75,4641894.0
04-05-2026 13:25,24070.75,24085.85,24024.7,24025.25,4106871.0
04-05-2026 13:30,24023.35,24038.75,24004.75,24019.8,4511432.0
04-05-2026 13:35,24019.0,24039.7,24007.55,24039.15,4445739.0
04-05-2026 13:40,24038.65,24090.65,24038.65,24086.8,3558783.0
04-05-2026 13:45,24087.0,24099.4,24080.4,24094.95,2947055.0
04-05-2026 13:50,24095.0,24108.9,24081.45,24086.0,2986775.0
04-05-2026 13:55,24086.45,24089.85,24050.4,24072.25,3377992.0
04-05-2026 14:00,24072.25,24080.3,24053.8,24068.85,3232019.0
04-05-2026 14:05,24069.15,24077.5,24060.05,24073.45,2751908.0
04-05-2026 14:10,24075.1,24111.6,24075.1,24103.75,4467988.0
04-05-2026 14:15,24105.0,24147.95,24102.7,24139.0,4837214.0
04-05-2026 14:20,24138.75,24149.7,24121.05,24126.55,3241630.0
04-05-2026 14:25,24126.0,24134.35,24113.25,24122.7,3357933.0
04-05-2026 14:30,24123.75,24131.95,24103.8,24112.15,4494803.0
04-05-2026 14:35,24110.9,24119.4,24101.65,24111.6,3963721.0
04-05-2026 14:40,24111.3,24113.6,24072.15,24096.0,5119268.0
04-05-2026 14:45,24096.15,24097.8,24072.15,24077.7,4319513.0
04-05-2026 14:50,24078.35,24099.55,24071.0,24096.7,4960329.0
04-05-2026 14:55,24098.05,24111.5,24078.4,24089.25,4158961.0
04-05-2026 15:00,24091.0,24106.35,24074.95,24098.0,7207103.0
04-05-2026 15:05,24100.6,24124.2,24096.25,24117.25,6234652.0
04-05-2026 15:10,24118.8,24135.05,24108.35,24123.25,8445031.0
04-05-2026 15:15,24125.05,24135.45,24115.0,24125.45,10265291.0
04-05-2026 15:20,24127.45,24134.6,24110.7,24111.7,12911440.0
04-05-2026 15:25,24116.85,24128.7,24110.2,24123.8,10980518.0
05-05-2026 09:15,24052.6,24072.1,23949.4,24064.2,12506769.0
05-05-2026 09:20,24062.05,24067.8,24024.15,24026.55,7020812.0
05-05-2026 09:25,24027.9,24031.6,23977.65,23992.05,5923387.0
05-05-2026 09:30,23990.6,24043.6,23988.1,24042.75,4169457.0
05-05-2026 09:35,24042.05,24060.55,24020.6,24022.15,4129755.0
05-05-2026 09:40,24022.0,24027.8,24000.9,24013.75,4691253.0
05-05-2026 09:45,24013.55,24041.55,24005.85,24036.05,4671396.0
05-05-2026 09:50,24036.55,24055.45,24023.75,24047.9,4296054.0
05-05-2026 09:55,24047.2,24054.85,24032.3,24043.05,4403242.0
05-05-2026 10:00,24042.55,24053.9,24001.75,24012.45,3990105.0
05-05-2026 10:05,24011.45,24015.0,23987.15,23994.6,3436768.0
05-05-2026 10:10,23994.6,24002.95,23978.5,23986.0,3925724.0
05-05-2026 10:15,23986.1,23987.25,23970.1,23986.95,4302995.0
05-05-2026 10:20,23987.3,23994.45,23967.15,23979.05,3170175.0
05-05-2026 10:25,23978.5,23980.3,23944.65,23954.4,3930131.0
05-05-2026 10:30,23952.2,23966.8,23938.1,23941.35,3749055.0
05-05-2026 10:35,23941.4,23947.45,23922.9,23941.35,3567281.0
05-05-2026 10:40,23941.2,23947.25,23932.0,23937.95,3583797.0
05-05-2026 10:45,23937.25,23950.3,23935.5,23947.0,4038245.0
05-05-2026 10:50,23946.0,23949.75,23920.1,23928.7,3055551.0
05-05-2026 10:55,23929.7,23930.8,23914.35,23925.95,3205484.0
05-05-2026 11:00,23925.15,23952.75,23913.55,23951.9,6902225.0
05-05-2026 11:05,23949.2,23950.85,23921.45,23926.8,5846764.0
05-05-2026 11:10,23927.45,23949.55,23926.15,23939.0,4632376.0
05-05-2026 11:15,23937.8,23961.55,23934.2,23935.05,3540246.0
05-05-2026 11:20,23934.25,23938.6,23924.35,23931.95,3566127.0
05-05-2026 11:25,23932.0,23940.15,23929.45,23935.15,3209573.0
05-05-2026 11:30,23935.3,23958.95,23933.75,23950.85,3327275.0
05-05-2026 11:35,23950.25,23966.75,23938.45,23939.95,4234268.0
05-05-2026 11:40,23940.25,23941.0,23916.05,23916.05,4265321.0
05-05-2026 11:45,23915.4,23919.2,23891.15,23904.4,3354010.0
05-05-2026 11:50,23902.7,23916.6,23886.2,23891.6,3319123.0
05-05-2026 11:55,23890.45,23899.25,23882.05,23888.95,2656790.0
05-05-2026 12:00,23888.15,23905.55,23888.15,23899.55,3960873.0
05-05-2026 12:05,23900.3,23926.25,23899.45,23919.6,4141320.0
05-05-2026 12:10,23919.0,23949.3,23919.0,23946.45,3149420.0
05-05-2026 12:15,23945.95,23956.5,23943.6,23954.75,2899881.0
05-05-2026 12:20,23954.6,23977.95,23950.15,23967.25,3289692.0
05-05-2026 12:25,23967.8,23974.25,23940.85,23943.2,3563878.0
05-05-2026 12:30,23943.9,23958.7,23933.8,23955.4,4556211.0
05-05-2026 12:35,23954.5,23973.2,23949.4,23961.95,5971837.0
05-05-2026 12:40,23962.5,23974.45,23951.25,23952.85,5517187.0
05-05-2026 12:45,23952.55,23983.7,23952.55,23978.1,4020319.0
05-05-2026 12:50,23977.6,23996.55,23977.6,23983.15,4328239.0
05-05-2026 12:55,23983.6,24014.25,23978.6,24011.9,3825055.0
05-05-2026 13:00,24012.6,24025.85,24010.65,24019.8,4829832.0
05-05-2026 13:05,24018.95,24075.45,24014.8,24065.8,6462398.0
05-05-2026 13:10,24066.35,24080.75,24052.45,24068.8,5884517.0
05-05-2026 13:15,24067.35,24081.7,24037.0,24040.4,8220231.0
05-05-2026 13:20,24041.7,24059.45,24031.95,24041.4,5138308.0
05-05-2026 13:25,24039.75,24048.4,24030.6,24039.95,3867256.0
05-05-2026 13:30,24041.4,24041.6,24016.65,24024.65,4697725.0
05-05-2026 13:35,24025.9,24047.55,24022.1,24037.75,3579153.0
05-05-2026 13:40,24037.1,24056.7,24033.1,24050.45,4566942.0
05-05-2026 13:45,24051.15,24062.15,24037.8,24045.8,3863856.0
05-05-2026 13:50,24045.55,24050.3,24020.5,24030.25,5197070.0
05-05-2026 13:55,24030.55,24054.5,24029.25,24038.1,5590735.0
05-05-2026 14:00,24035.85,24047.8,24022.35,24029.15,3316116.0
05-05-2026 14:05,24028.7,24033.25,24009.1,24016.3,3251573.0
05-05-2026 14:10,24016.0,24029.5,24002.15,24016.8,4004293.0
05-05-2026 14:15,24017.2,24042.15,24013.1,24037.15,3728722.0
05-05-2026 14:20,24037.2,24048.55,24026.3,24035.3,4357072.0
05-05-2026 14:25,24036.1,24061.0,24031.75,24058.3,3859031.0
05-05-2026 14:30,24059.3,24060.65,24028.3,24036.15,4632918.0
05-05-2026 14:35,24034.85,24045.9,24019.4,24034.65,5594149.0
05-05-2026 14:40,24034.55,24047.25,24023.7,24042.1,3454836.0
05-05-2026 14:45,24041.55,24045.8,24017.05,24024.3,4400215.0
05-05-2026 14:50,24024.15,24033.55,23999.6,24020.7,4837673.0
05-05-2026 14:55,24020.35,24028.9,24008.4,24010.8,3956199.0
05-05-2026 15:00,24011.9,24025.3,23999.8,24013.2,8182100.0
05-05-2026 15:05,24015.65,24036.45,23997.85,24031.6,10924723.0
05-05-2026 15:10,24033.2,24043.85,24019.5,24041.65,8519618.0
05-05-2026 15:15,24044.0,24052.8,24040.8,24050.45,8314351.0
05-05-2026 15:20,24051.6,24055.35,24039.35,24041.85,10348011.0
05-05-2026 15:25,24042.0,24059.7,24037.05,24052.15,9702995.0
05-05-2026 15:30,24052.15,24052.15,24052.15,24052.15,1819745.0
06-05-2026 09:15,24171.0,24250.85,24164.55,24175.8,18986851.0
06-05-2026 09:20,24179.2,24201.95,24156.95,24185.2,8595561.0
06-05-2026 09:25,24186.15,24195.3,24164.95,24171.6,6184442.0
06-05-2026 09:30,24174.6,24185.25,24161.55,24162.75,6207446.0
06-05-2026 09:35,24163.75,24167.05,24150.75,24154.0,5421620.0
06-05-2026 09:40,24154.5,24155.4,24131.75,24138.45,4419918.0
06-05-2026 09:45,24139.85,24144.9,24133.45,24136.9,3953677.0
06-05-2026 09:50,24137.55,24152.3,24121.1,24152.1,4615180.0
06-05-2026 09:55,24152.75,24165.85,24138.9,24140.3,4182154.0
06-05-2026 10:00,24140.6,24140.6,24107.35,24110.15,3698678.0
06-05-2026 10:05,24110.45,24112.0,24096.5,24107.0,3089339.0
06-05-2026 10:10,24107.1,24141.6,24103.1,24137.3,3958464.0
06-05-2026 10:15,24137.0,24139.4,24121.75,24137.5,4779897.0
06-05-2026 10:20,24137.05,24155.4,24134.55,24141.85,4302786.0
06-05-2026 10:25,24141.5,24148.65,24136.15,24136.4,3779416.0
06-05-2026 10:30,24135.5,24144.0,24126.65,24128.8,4058892.0
06-05-2026 10:35,24126.65,24126.65,24111.9,24124.45,2723903.0
06-05-2026 10:40,24123.7,24150.15,24122.5,24142.85,2420218.0
06-05-2026 10:45,24142.75,24143.15,24126.25,24129.8,2533424.0
06-05-2026 10:50,24129.35,24130.5,24091.15,24095.8,4502069.0
06-05-2026 10:55,24095.7,24110.25,24092.4,24095.75,4043084.0
06-05-2026 11:00,24095.95,24104.65,24074.45,24074.5,3421119.0
06-05-2026 11:05,24075.55,24099.15,24073.2,24098.3,3262533.0
06-05-2026 11:10,24098.9,24098.9,24081.65,24089.3,2951312.0
06-05-2026 11:15,24089.15,24102.55,24085.1,24087.05,3491660.0
06-05-2026 11:20,24084.8,24101.6,24081.55,24089.2,2678056.0
06-05-2026 11:25,24089.0,24112.5,24086.6,24112.5,3242709.0
06-05-2026 11:30,24111.95,24117.35,24106.3,24107.7,4111206.0
06-05-2026 11:35,24108.2,24108.2,24069.45,24078.5,4467627.0
06-05-2026 11:40,24076.8,24100.3,24076.7,24096.8,3264171.0
06-05-2026 11:45,24097.1,24108.8,24090.6,24108.05,2277435.0
06-05-2026 11:50,24107.75,24109.35,24096.9,24108.8,3587852.0
06-05-2026 11:55,24108.55,24114.15,24095.5,24097.35,2847441.0
06-05-2026 12:00,24097.2,24099.75,24081.45,24090.9,2445311.0
06-05-2026 12:05,24091.05,24091.1,24075.35,24084.4,2486295.0
06-05-2026 12:10,24084.7,24086.95,24075.95,24082.8,2641007.0
06-05-2026 12:15,24081.75,24081.75,24061.0,24074.25,3562533.0
06-05-2026 12:20,24072.6,24073.45,24029.75,24043.95,8939354.0
06-05-2026 12:25,24043.55,24059.9,24039.35,24054.65,6597964.0
06-05-2026 12:30,24054.15,24055.5,24045.15,24049.9,2900918.0
06-05-2026 12:35,24050.2,24050.95,24033.2,24036.65,3378983.0
06-05-2026 12:40,24036.05,24043.45,24019.7,24022.3,3950793.0
06-05-2026 12:45,24022.0,24025.35,24005.95,24018.3,3887440.0
06-05-2026 12:50,24017.55,24023.45,23997.9,24011.6,3468172.0
06-05-2026 12:55,24011.0,24024.1,24009.8,24023.1,2949626.0
06-05-2026 13:00,24022.65,24023.5,23999.95,24002.1,3356432.0
06-05-2026 13:05,24000.95,24039.4,23999.65,24038.9,3340790.0
06-05-2026 13:10,24038.7,24044.15,24031.0,24040.65,3409084.0
06-05-2026 13:15,24039.9,24068.55,24036.3,24063.45,3590625.0
06-05-2026 13:20,24063.8,24085.8,24062.35,24081.1,3838775.0
06-05-2026 13:25,24078.95,24082.7,24070.6,24075.35,3579474.0
06-05-2026 13:30,24076.6,24093.0,24074.65,24086.35,4413505.0
06-05-2026 13:35,24086.9,24109.95,24084.15,24103.55,5822120.0
06-05-2026 13:40,24102.45,24108.1,24094.9,24100.9,3283530.0
06-05-2026 13:45,24099.25,24110.4,24094.15,24102.75,3164690.0
06-05-2026 13:50,24102.45,24115.95,24101.8,24111.25,5144005.0
06-05-2026 13:55,24112.05,24120.25,24101.9,24106.95,3452006.0
06-05-2026 14:00,24106.8,24117.1,24096.4,24109.5,3631957.0
06-05-2026 14:05,24108.3,24115.0,24103.75,24109.35,3261365.0
06-05-2026 14:10,24108.0,24133.35,24107.4,24133.35,3801900.0
06-05-2026 14:15,24134.05,24151.1,24133.4,24141.15,4156063.0
06-05-2026 14:20,24140.4,24255.65,24139.15,24250.5,14414877.0
06-05-2026 14:25,24252.05,24332.05,24252.05,24311.65,12948953.0
06-05-2026 14:30,24314.7,24334.4,24280.1,24306.75,9269986.0
06-05-2026 14:35,24306.8,24308.7,24277.9,24300.45,8845263.0
06-05-2026 14:40,24300.4,24337.8,24299.4,24334.35,8520866.0
06-05-2026 14:45,24334.65,24354.55,24320.8,24349.3,12304732.0
06-05-2026 14:50,24348.85,24356.5,24328.75,24332.1,10112360.0
06-05-2026 14:55,24333.4,24349.65,24324.65,24348.25,8413955.0
06-05-2026 15:00,24349.0,24353.8,24313.85,24342.15,14360286.0
06-05-2026 15:05,24342.7,24344.75,24314.05,24315.5,12585762.0
06-05-2026 15:10,24316.55,24330.95,24314.95,24321.35,14022969.0
06-05-2026 15:15,24321.75,24335.6,24317.05,24330.65,15186392.0
06-05-2026 15:20,24331.15,24331.15,24317.4,24329.05,16179580.0
06-05-2026 15:25,24330.7,24346.6,24325.6,24339.3,14139513.0
07-05-2026 09:15,24398.5,24423.35,24317.7,24318.25,20440391.0
07-05-2026 09:20,24318.25,24337.05,24300.7,24335.35,9577300.0
07-05-2026 09:25,24334.9,24346.75,24312.2,24334.15,8385678.0
07-05-2026 09:30,24334.8,24367.95,24320.15,24356.7,7324435.0
07-05-2026 09:35,24356.15,24372.55,24346.9,24354.15,6043728.0
07-05-2026 09:40,24354.8,24402.15,24354.8,24397.35,6092271.0
07-05-2026 09:45,24396.9,24401.4,24352.25,24352.25,5434549.0
07-05-2026 09:50,24352.65,24363.55,24325.65,24335.2,5774329.0
07-05-2026 09:55,24337.35,24354.15,24331.2,24342.95,7313852.0
07-05-2026 10:00,24343.0,24378.7,24340.15,24370.25,11031281.0
07-05-2026 10:05,24370.75,24374.45,24315.25,24328.3,5511538.0
07-05-2026 10:10,24328.3,24337.45,24310.0,24323.65,4618172.0
07-05-2026 10:15,24324.65,24350.8,24321.6,24349.05,5472904.0
07-05-2026 10:20,24349.4,24355.95,24344.95,24353.15,5804294.0
07-05-2026 10:25,24353.2,24368.9,24348.75,24360.3,4494112.0
07-05-2026 10:30,24360.3,24375.55,24360.3,24367.3,5019106.0
07-05-2026 10:35,24367.25,24368.25,24352.85,24364.6,3511960.0
07-05-2026 10:40,24364.75,24374.85,24358.7,24373.45,3249748.0
07-05-2026 10:45,24372.5,24379.05,24356.3,24360.45,3873454.0
07-05-2026 10:50,24359.95,24360.8,24332.45,24351.6,3712062.0
07-05-2026 10:55,24351.4,24353.05,24334.4,24340.85,3536623.0
07-05-2026 11:00,24341.0,24343.75,24330.1,24332.85,3090339.0
07-05-2026 11:05,24332.35,24336.5,24316.15,24320.0,2923647.0
07-05-2026 11:10,24320.2,24322.15,24310.05,24317.75,3744850.0
07-05-2026 11:15,24318.2,24332.25,24314.0,24318.4,3128451.0
07-05-2026 11:20,24318.35,24319.7,24293.05,24309.15,3333085.0
07-05-2026 11:25,24309.35,24309.9,24289.45,24306.45,3020742.0
07-05-2026 11:30,24306.95,24349.8,24306.35,24323.4,4290917.0
07-05-2026 11:35,24323.55,24324.5,24311.9,24313.85,3290065.0
07-05-2026 11:40,24314.8,24316.05,24288.1,24288.5,4028139.0
07-05-2026 11:45,24287.8,24308.3,24284.0,24305.65,4249268.0
07-05-2026 11:50,24305.8,24331.6,24305.7,24321.3,3536743.0
07-05-2026 11:55,24321.15,24346.85,24320.35,24340.55,3911329.0
07-05-2026 12:00,24339.7,24369.9,24339.7,24355.0,3994159.0
07-05-2026 12:05,24355.3,24367.65,24352.9,24360.25,3307438.0
07-05-2026 12:10,24360.1,24369.2,24350.15,24361.55,3082522.0
07-05-2026 12:15,24362.45,24383.65,24362.4,24365.9,3681508.0
07-05-2026 12:20,24366.3,24381.6,24364.1,24377.2,3207727.0
07-05-2026 12:25,24377.65,24381.4,24355.15,24355.15,3100449.0
07-05-2026 12:30,24355.25,24358.85,24329.7,24344.95,3472009.0
07-05-2026 12:35,24345.1,24438.4,24338.95,24436.65,8376382.0
07-05-2026 12:40,24436.8,24482.1,24436.8,24463.15,7873929.0
07-05-2026 12:45,24462.85,24471.6,24437.6,24442.8,6078153.0
07-05-2026 12:50,24442.1,24446.15,24394.55,24409.15,5007141.0
07-05-2026 12:55,24409.1,24414.75,24377.7,24388.25,3914727.0
07-05-2026 13:00,24387.65,24411.05,24386.45,24402.4,3485745.0
07-05-2026 13:05,24402.0,24420.55,24392.25,24396.35,6469262.0
07-05-2026 13:10,24395.85,24397.15,24376.9,24389.7,3793779.0
07-05-2026 13:15,24388.65,24399.5,24324.55,24350.7,4292881.0
07-05-2026 13:20,24351.05,24373.45,24339.5,24345.3,3414746.0
07-05-2026 13:25,24345.05,24359.9,24341.9,24353.35,2762598.0
07-05-2026 13:30,24353.55,24364.2,24344.0,24357.8,2900892.0
07-05-2026 13:35,24358.6,24364.15,24334.75,24334.75,5242519.0
07-05-2026 13:40,24335.3,24360.95,24331.65,24349.75,5373221.0
07-05-2026 13:45,24348.6,24359.1,24337.9,24356.55,3234893.0
07-05-2026 13:50,24355.8,24365.4,24344.1,24364.7,3469666.0
07-05-2026 13:55,24364.9,24374.8,24354.4,24368.65,3047550.0
07-05-2026 14:00,24368.05,24375.3,24344.6,24353.5,2942919.0
07-05-2026 14:05,24352.9,24374.0,24337.1,24372.65,4999316.0
07-05-2026 14:10,24372.15,24375.65,24360.15,24361.65,3443777.0
07-05-2026 14:15,24361.25,24364.5,24338.8,24342.65,3526875.0
07-05-2026 14:20,24342.65,24365.65,24333.35,24364.3,4175489.0
07-05-2026 14:25,24364.25,24381.1,24357.8,24376.9,6392044.0
07-05-2026 14:30,24376.5,24385.3,24357.85,24367.95,7066455.0
07-05-2026 14:35,24366.1,24371.75,24351.95,24351.95,3846349.0
07-05-2026 14:40,24351.6,24362.1,24334.1,24339.45,5126302.0
07-05-2026 14:45,24339.55,24351.5,24323.05,24330.25,4928942.0
07-05-2026 14:50,24330.0,24353.85,24330.0,24348.2,3110756.0
07-05-2026 14:55,24348.2,24362.7,24340.8,24352.65,4069751.0
07-05-2026 15:00,24353.1,24363.1,24323.05,24337.85,33501829.0
07-05-2026 15:05,24337.9,24345.5,24308.35,24318.55,18543441.0
07-05-2026 15:10,24317.85,24318.4,24293.4,24303.1,12386826.0
07-05-2026 15:15,24303.25,24329.7,24299.4,24328.65,12769604.0
07-05-2026 15:20,24329.0,24329.0,24315.35,24318.85,12217877.0
07-05-2026 15:25,24319.7,24339.05,24318.25,24336.4,11003239.0
07-05-2026 15:30,24336.4,24336.4,24336.4,24336.4,1525801.0
08-05-2026 09:15,24233.65,24246.05,24158.15,24219.3,17764796.0
08-05-2026 09:20,24218.4,24253.8,24209.0,24215.0,8466168.0
08-05-2026 09:25,24216.4,24245.75,24210.5,24244.15,6215638.0
08-05-2026 09:30,24244.3,24244.95,24184.6,24207.15,6829168.0
08-05-2026 09:35,24209.1,24209.1,24187.55,24191.2,5230727.0
08-05-2026 09:40,24192.0,24192.3,24167.75,24167.75,5113920.0
08-05-2026 09:45,24169.05,24175.05,24138.4,24168.55,6017546.0
08-05-2026 09:50,24170.05,24183.7,24161.8,24182.25,3891853.0
08-05-2026 09:55,24183.35,24199.65,24181.15,24198.45,3594159.0
08-05-2026 10:00,24199.15,24202.85,24187.6,24194.25,3478152.0
08-05-2026 10:05,24195.8,24199.1,24193.0,24196.1,2531630.0
08-05-2026 10:10,24197.0,24213.7,24175.1,24211.3,2941488.0
08-05-2026 10:15,24213.8,24214.3,24181.25,24206.8,3324421.0
08-05-2026 10:20,24208.75,24232.25,24204.55,24231.5,3725008.0
08-05-2026 10:25,24232.5,24243.95,24226.0,24238.05,3442321.0
08-05-2026 10:30,24238.85,24242.55,24229.85,24232.3,3435539.0
08-05-2026 10:35,24232.65,24237.1,24226.35,24230.75,2526291.0
08-05-2026 10:40,24232.05,24241.3,24226.9,24232.25,2392852.0
08-05-2026 10:45,24233.65,24239.85,24222.4,24222.4,2030899.0
08-05-2026 10:50,24223.75,24223.75,24204.1,24206.35,2708464.0
08-05-2026 10:55,24207.55,24208.6,24195.95,24195.95,2429392.0
08-05-2026 11:00,24197.8,24230.7,24193.85,24225.25,3216963.0
08-05-2026 11:05,24226.6,24237.05,24221.6,24225.15,3783354.0
08-05-2026 11:10,24226.35,24233.5,24221.5,24233.0,2268263.0
08-05-2026 11:15,24234.8,24241.65,24212.45,24212.5,2514887.0
08-05-2026 11:20,24214.3,24224.15,24197.4,24205.0,2421491.0
08-05-2026 11:25,24205.95,24209.2,24195.95,24198.35,2220458.0
08-05-2026 11:30,24199.9,24210.9,24185.6,24207.5,2466699.0
08-05-2026 11:35,24209.15,24209.15,24199.5,24206.05,3127487.0
08-05-2026 11:40,24207.15,24212.95,24199.45,24199.45,2448969.0
08-05-2026 11:45,24200.6,24208.4,24195.75,24199.85,2944598.0
08-05-2026 11:50,24200.85,24209.8,24197.85,24204.3,3538275.0
08-05-2026 11:55,24205.15,24207.35,24190.2,24205.85,2425928.0
08-05-2026 12:00,24206.0,24212.0,24187.45,24200.9,2607023.0
08-05-2026 12:05,24202.0,24203.65,24177.25,24178.95,2799028.0
08-05-2026 12:10,24179.5,24188.2,24172.2,24184.2,2651597.0
08-05-2026 12:15,24185.2,24189.4,24170.05,24188.6,2735371.0
08-05-2026 12:20,24190.05,24198.2,24178.25,24185.8,4664425.0
08-05-2026 12:25,24187.05,24198.45,24185.45,24196.1,1795260.0
08-05-2026 12:30,24195.25,24196.6,24169.4,24177.6,3010797.0
08-05-2026 12:35,24178.65,24181.65,24168.85,24171.55,2658670.0
08-05-2026 12:40,24173.15,24177.65,24164.1,24164.3,1895330.0
08-05-2026 12:45,24166.0,24171.3,24150.95,24170.45,3036182.0
08-05-2026 12:50,24171.3,24175.05,24159.7,24170.9,2295063.0
08-05-2026 12:55,24172.95,24175.7,24160.45,24163.4,2279815.0
08-05-2026 13:00,24165.55,24167.9,24157.4,24158.7,4421127.0
08-05-2026 13:05,24159.45,24177.45,24157.9,24175.4,2659968.0
08-05-2026 13:10,24176.25,24178.05,24164.55,24167.0,2863824.0
08-05-2026 13:15,24169.55,24170.7,24156.9,24162.95,1898893.0
08-05-2026 13:20,24164.25,24170.7,24157.45,24166.7,2819714.0
08-05-2026 13:25,24168.7,24198.4,24165.25,24195.45,3062826.0
08-05-2026 13:30,24196.65,24202.65,24180.3,24184.4,3032064.0
08-05-2026 13:35,24186.05,24188.05,24166.5,24172.15,2000386.0
08-05-2026 13:40,24174.35,24182.25,24169.65,24170.95,2235692.0
08-05-2026 13:45,24173.35,24178.65,24170.1,24173.65,1878106.0
08-05-2026 13:50,24176.05,24176.5,24150.75,24174.7,3454731.0
08-05-2026 13:55,24174.95,24181.25,24128.35,24137.2,7045839.0
08-05-2026 14:00,24139.15,24155.25,24126.65,24145.6,6692657.0
08-05-2026 14:05,24148.45,24178.3,24145.95,24177.95,6758724.0
08-05-2026 14:10,24179.1,24179.5,24145.85,24145.85,6866910.0
08-05-2026 14:15,24147.35,24166.75,24143.5,24147.2,5854004.0
08-05-2026 14:20,24148.1,24164.2,24141.75,24147.85,6660881.0
08-05-2026 14:25,24150.4,24170.75,24149.05,24169.65,5384641.0
08-05-2026 14:30,24170.1,24207.05,24168.55,24195.45,6459692.0
08-05-2026 14:35,24196.35,24223.75,24193.5,24218.65,7188822.0
08-05-2026 14:40,24220.55,24235.85,24219.25,24231.7,6293450.0
08-05-2026 14:45,24233.55,24236.9,24220.1,24232.2,5324407.0
08-05-2026 14:50,24234.05,24240.25,24228.8,24231.0,4168627.0
08-05-2026 14:55,24232.75,24235.3,24206.6,24213.65,5962956.0
08-05-2026 15:00,24215.1,24215.1,24168.35,24170.3,8515653.0
08-05-2026 15:05,24171.1,24185.5,24169.75,24179.7,7663311.0
08-05-2026 15:10,24180.35,24189.0,24172.4,24180.85,7760990.0
08-05-2026 15:15,24180.6,24196.9,24170.5,24175.6,10289743.0
08-05-2026 15:20,24174.05,24174.95,24163.5,24170.7,11355042.0
08-05-2026 15:25,24170.55,24180.65,24169.7,24179.8,9738311.0
11-05-2026 09:15,23970.1,23986.8,23897.2,23918.75,19323916.0
11-05-2026 09:20,23919.05,23942.6,23895.55,23937.45,10202909.0
11-05-2026 09:25,23936.8,23956.3,23918.7,23953.25,7629155.0
11-05-2026 09:30,23952.2,23959.55,23917.05,23930.7,7431654.0
11-05-2026 09:35,23930.6,23931.3,23874.7,23881.8,6682698.0
11-05-2026 09:40,23881.35,23898.15,23864.1,23865.65,6264739.0
11-05-2026 09:45,23866.15,23889.85,23864.2,23885.0,6864320.0
11-05-2026 09:50,23885.35,23893.5,23870.5,23892.75,4757421.0
11-05-2026 09:55,23893.7,23899.95,23868.2,23874.25,4873135.0
11-05-2026 10:00,23874.6,23897.4,23873.25,23893.15,4345690.0
11-05-2026 10:05,23892.9,23903.7,23887.1,23899.15,3587648.0
11-05-2026 10:10,23899.6,23902.8,23887.3,23893.4,4504638.0
11-05-2026 10:15,23894.75,23896.25,23850.25,23851.25,4777228.0
11-05-2026 10:20,23850.85,23877.5,23845.3,23871.7,4328159.0
11-05-2026 10:25,23871.2,23878.3,23864.3,23869.2,4338613.0
11-05-2026 10:30,23868.45,23874.5,23860.15,23870.05,3744566.0
11-05-2026 10:35,23870.3,23874.8,23847.45,23863.15,4346686.0
11-05-2026 10:40,23862.65,23865.15,23851.6,23860.1,3029639.0
11-05-2026 10:45,23859.95,23863.35,23850.85,23860.4,3248884.0
11-05-2026 10:50,23860.15,23890.65,23859.2,23889.85,5377337.0
11-05-2026 10:55,23890.1,23892.5,23882.1,23886.95,3597311.0
11-05-2026 11:00,23887.0,23897.35,23878.55,23896.2,3861494.0
11-05-2026 11:05,23895.8,23907.3,23893.35,23903.25,3296000.0
11-05-2026 11:10,23902.9,23922.55,23902.9,23914.6,4225658.0
11-05-2026 11:15,23914.6,23921.7,23910.4,23918.3,4597554.0
11-05-2026 11:20,23918.65,23942.95,23918.2,23926.2,4545315.0
11-05-2026 11:25,23926.2,23934.95,23913.25,23927.8,4466996.0
11-05-2026 11:30,23928.2,23930.85,23907.25,23924.6,3926989.0
11-05-2026 11:35,23925.1,23936.1,23916.95,23936.1,3255232.0
11-05-2026 11:40,23936.05,23952.7,23932.9,23949.4,4004327.0
11-05-2026 11:45,23949.55,23956.9,23920.35,23921.25,4263965.0
11-05-2026 11:50,23922.1,23941.0,23921.4,23937.75,3414798.0
11-05-2026 11:55,23937.7,23939.0,23923.65,23930.9,3164071.0
11-05-2026 12:00,23931.25,23937.8,23922.5,23923.7,3120865.0
11-05-2026 12:05,23923.7,23943.95,23920.3,23939.3,4166449.0
11-05-2026 12:10,23939.45,23942.4,23930.4,23935.55,3251273.0
11-05-2026 12:15,23935.2,23942.55,23926.65,23938.0,4611748.0
11-05-2026 12:20,23938.2,23943.95,23928.85,23942.5,3255682.0
11-05-2026 12:25,23942.2,23945.05,23928.05,23929.05,3984298.0
11-05-2026 12:30,23928.9,23930.2,23908.45,23924.3,4238442.0
11-05-2026 12:35,23924.7,23933.9,23902.45,23913.1,3975641.0
11-05-2026 12:40,23913.8,23954.95,23913.7,23950.35,4193095.0
11-05-2026 12:45,23949.7,23954.65,23936.55,23940.9,2580230.0
11-05-2026 12:50,23940.95,23951.9,23932.0,23938.3,3487877.0
11-05-2026 12:55,23938.25,23951.75,23937.4,23945.55,3470096.0
11-05-2026 13:00,23945.4,23946.2,23918.3,23918.7,4071317.0
11-05-2026 13:05,23918.55,23939.2,23905.05,23939.15,4476579.0
11-05-2026 13:10,23939.2,23949.8,23932.5,23949.8,3966745.0
11-05-2026 13:15,23949.9,23950.9,23934.5,23934.95,3443510.0
11-05-2026 13:20,23935.35,23950.7,23935.35,23949.5,2669952.0
11-05-2026 13:25,23950.65,23953.3,23940.4,23946.35,2346587.0
11-05-2026 13:30,23946.1,23955.15,23943.35,23950.7,3157472.0
11-05-2026 13:35,23950.6,23988.25,23949.8,23952.1,5025214.0
11-05-2026 13:40,23952.05,23973.75,23946.35,23965.45,3092823.0
11-05-2026 13:45,23966.55,23987.55,23965.7,23979.8,3441936.0
11-05-2026 13:50,23978.85,23997.45,23975.75,23993.95,4835981.0
11-05-2026 13:55,23994.3,23997.0,23966.25,23966.45,2998462.0
11-05-2026 14:00,23966.45,23973.25,23957.95,23963.55,5127101.0
11-05-2026 14:05,23963.35,23973.5,23958.05,23958.95,2965188.0
11-05-2026 14:10,23958.95,23967.15,23943.1,23946.3,3069373.0
11-05-2026 14:15,23945.25,23954.1,23933.95,23939.75,5462440.0
11-05-2026 14:20,23939.55,23949.5,23939.15,23941.7,4658208.0
11-05-2026 14:25,23941.6,23942.9,23922.15,23931.9,4472995.0
11-05-2026 14:30,23931.95,23953.55,23926.15,23953.0,4754249.0
11-05-2026 14:35,23952.9,23957.85,23921.75,23926.1,4665425.0
11-05-2026 14:40,23925.95,23931.3,23904.2,23916.35,4154456.0
11-05-2026 14:45,23916.6,23924.35,23883.1,23889.9,8501581.0
11-05-2026 14:50,23889.95,23914.15,23888.25,23894.15,5052472.0
11-05-2026 14:55,23894.05,23896.85,23875.9,23875.9,5276613.0
11-05-2026 15:00,23878.55,23879.7,23820.9,23830.7,11223911.0
11-05-2026 15:05,23830.45,23832.7,23809.75,23817.45,10232099.0
11-05-2026 15:10,23817.7,23824.05,23801.4,23805.75,12009345.0
11-05-2026 15:15,23806.2,23820.25,23802.85,23803.8,12082016.0
11-05-2026 15:20,23804.6,23813.25,23799.1,23810.15,12533458.0
11-05-2026 15:25,23810.5,23820.35,23802.4,23820.35,11929521.0
11-05-2026 15:30,23820.35,23820.35,23820.35,23820.35,1876616.0
12-05-2026 09:15,23722.6,23757.55,23689.1,23736.9,20154312.0
12-05-2026 09:20,23737.8,23737.8,23684.0,23684.2,12399161.0
12-05-2026 09:25,23685.45,23685.45,23633.1,23638.3,9730725.0
12-05-2026 09:30,23638.95,23643.75,23617.7,23634.05,8461259.0
12-05-2026 09:35,23634.65,23649.15,23620.5,23626.15,7693349.0
12-05-2026 09:40,23626.35,23657.85,23624.45,23640.65,5367833.0
12-05-2026 09:45,23640.75,23650.15,23628.85,23638.2,6033114.0
12-05-2026 09:50,23638.4,23646.7,23632.1,23638.25,6454306.0
12-05-2026 09:55,23638.55,23652.2,23624.55,23625.85,6747168.0
12-05-2026 10:00,23627.0,23635.25,23619.8,23630.2,5111572.0
12-05-2026 10:05,23630.45,23642.55,23613.55,23636.1,5177429.0
12-05-2026 10:10,23636.4,23655.4,23629.15,23651.4,5244135.0
12-05-2026 10:15,23652.05,23668.25,23647.75,23668.25,4795357.0
12-05-2026 10:20,23669.25,23675.2,23627.85,23630.3,4770535.0
12-05-2026 10:25,23631.8,23634.15,23605.05,23613.25,4073932.0
12-05-2026 10:30,23613.55,23617.05,23603.7,23607.65,5796487.0
12-05-2026 10:35,23609.2,23620.2,23596.35,23605.3,5767236.0
12-05-2026 10:40,23606.6,23638.65,23602.55,23627.55,5799441.0
12-05-2026 10:45,23628.05,23629.6,23599.3,23603.25,4434265.0
12-05-2026 10:50,23603.75,23611.15,23600.8,23605.25,3696787.0
12-05-2026 10:55,23605.85,23623.45,23602.65,23614.7,4166495.0
12-05-2026 11:00,23615.1,23615.65,23584.35,23590.6,5126482.0
12-05-2026 11:05,23590.6,23597.7,23577.85,23590.4,4937300.0
12-05-2026 11:10,23590.95,23595.1,23585.65,23589.35,4328464.0
12-05-2026 11:15,23589.6,23612.25,23585.85,23608.05,5210930.0
12-05-2026 11:20,23608.55,23613.4,23589.4,23589.6,5459481.0
12-05-2026 11:25,23590.95,23604.55,23588.7,23588.9,4563039.0
12-05-2026 11:30,23589.5,23600.2,23578.65,23597.25,4666189.0
12-05-2026 11:35,23597.4,23601.85,23579.9,23598.0,3220525.0
12-05-2026 11:40,23599.15,23607.65,23591.95,23602.7,2902426.0
12-05-2026 11:45,23603.95,23604.55,23584.35,23594.7,3907055.0
12-05-2026 11:50,23596.15,23605.8,23584.75,23600.05,3209933.0
12-05-2026 11:55,23601.8,23612.85,23595.85,23597.5,3776376.0
12-05-2026 12:00,23598.45,23599.55,23581.9,23586.3,4141095.0
12-05-2026 12:05,23587.25,23589.25,23556.15,23558.1,3071258.0
12-05-2026 12:10,23559.95,23570.0,23551.3,23557.8,3433342.0
12-05-2026 12:15,23559.5,23580.05,23555.1,23572.9,3521557.0
12-05-2026 12:20,23573.75,23575.9,23559.0,23566.5,4375787.0
12-05-2026 12:25,23567.6,23568.75,23554.7,23557.3,3185762.0
12-05-2026 12:30,23557.8,23558.95,23521.8,23522.3,4785706.0
12-05-2026 12:35,23523.4,23526.8,23508.35,23516.2,3477499.0
12-05-2026 12:40,23517.35,23532.7,23513.1,23526.15,2989576.0
12-05-2026 12:45,23527.25,23540.1,23516.4,23526.85,3822789.0
12-05-2026 12:50,23527.3,23535.0,23513.3,23513.35,2890110.0
12-05-2026 12:55,23515.2,23532.85,23514.75,23524.55,3153041.0
12-05-2026 13:00,23525.15,23533.65,23519.55,23530.6,3228455.0
12-05-2026 13:05,23531.7,23532.2,23510.85,23510.85,3706186.0
12-05-2026 13:10,23511.95,23536.8,23506.0,23536.8,4810652.0
12-05-2026 13:15,23538.05,23564.05,23536.25,23542.8,5257771.0
12-05-2026 13:20,23544.0,23545.2,23526.45,23527.55,3999569.0
12-05-2026 13:25,23528.35,23539.5,23524.25,23531.05,4737133.0
12-05-2026 13:30,23532.45,23550.2,23528.75,23529.45,3502298.0
12-05-2026 13:35,23530.45,23535.3,23511.0,23514.0,4467153.0
12-05-2026 13:40,23515.5,23518.4,23496.55,23506.8,4218747.0
12-05-2026 13:45,23510.05,23519.35,23493.45,23513.4,3841274.0
12-05-2026 13:50,23515.05,23530.85,23495.85,23495.85,4466212.0
12-05-2026 13:55,23500.05,23502.45,23489.4,23491.5,3955680.0
12-05-2026 14:00,23492.8,23496.9,23477.5,23481.5,5471165.0
12-05-2026 14:05,23484.05,23490.7,23461.4,23465.0,5012468.0
12-05-2026 14:10,23466.25,23467.95,23447.85,23457.5,4139255.0
12-05-2026 14:15,23458.75,23472.75,23452.1,23460.15,4421988.0
12-05-2026 14:20,23460.5,23492.7,23453.1,23486.25,5308233.0
12-05-2026 14:25,23487.3,23487.3,23459.25,23468.6,4182074.0
12-05-2026 14:30,23469.35,23471.3,23437.3,23438.35,5574757.0
12-05-2026 14:35,23439.2,23470.95,23434.45,23462.95,4880669.0
12-05-2026 14:40,23463.95,23472.25,23456.25,23463.6,5215092.0
12-05-2026 14:45,23464.9,23474.6,23458.45,23463.8,8566992.0
12-05-2026 14:50,23464.95,23466.4,23428.35,23433.75,8125280.0
12-05-2026 14:55,23435.35,23435.65,23413.5,23421.25,5345651.0
12-05-2026 15:00,23422.5,23423.65,23366.4,23390.9,19515010.0
12-05-2026 15:05,23393.25,23393.7,23357.25,23363.55,16240298.0
12-05-2026 15:10,23363.95,23375.7,23348.4,23354.8,15452181.0
12-05-2026 15:15,23356.0,23386.55,23355.6,23386.55,14299249.0
12-05-2026 15:20,23386.75,23391.8,23377.55,23389.75,13657581.0
12-05-2026 15:25,23391.25,23434.85,23383.55,23430.55,12238356.0
12-05-2026 15:30,23429.55,23429.55,23429.55,23429.55,1527037.0
13-05-2026 09:15,23362.45,23503.8,23362.45,23405.4,18995787.0
13-05-2026 09:20,23405.45,23441.15,23379.9,23437.9,9697112.0
13-05-2026 09:25,23438.4,23439.95,23367.05,23367.05,8950386.0
13-05-2026 09:30,23367.7,23387.65,23335.7,23337.95,6578906.0
13-05-2026 09:35,23337.3,23339.35,23262.55,23276.5,7911384.0
13-05-2026 09:40,23275.5,23314.2,23264.45,23308.5,5595743.0
13-05-2026 09:45,23308.9,23327.0,23287.1,23298.75,5242556.0
13-05-2026 09:50,23299.05,23372.45,23298.6,23367.6,6753838.0
13-05-2026 09:55,23367.25,23389.7,23344.7,23372.45,5307248.0
13-05-2026 10:00,23371.15,23392.45,23354.15,23392.45,5767232.0
13-05-2026 10:05,23392.6,23426.25,23392.2,23407.4,5021685.0
13-05-2026 10:10,23407.5,23411.4,23381.25,23403.05,4440439.0
13-05-2026 10:15,23403.2,23440.55,23398.45,23436.05,5091285.0
13-05-2026 10:20,23435.8,23463.95,23435.8,23460.85,6329492.0
13-05-2026 10:25,23460.85,23477.8,23452.1,23452.45,6900955.0
13-05-2026 10:30,23452.25,23478.6,23443.35,23475.9,5411411.0
13-05-2026 10:35,23475.5,23476.55,23423.6,23429.1,4592596.0
13-05-2026 10:40,23429.85,23466.1,23429.25,23464.0,5301544.0
13-05-2026 10:45,23464.05,23472.45,23445.4,23445.6,3824608.0
13-05-2026 10:50,23445.65,23459.0,23437.3,23440.75,4478463.0
13-05-2026 10:55,23441.15,23443.15,23374.8,23374.8,4376214.0
13-05-2026 11:00,23374.8,23409.4,23368.05,23402.05,3963991.0
13-05-2026 11:05,23401.45,23404.3,23382.6,23400.45,4650874.0
13-05-2026 11:10,23400.3,23405.2,23382.95,23403.95,5445117.0
13-05-2026 11:15,23403.8,23416.45,23392.85,23409.4,3396331.0
13-05-2026 11:20,23409.25,23416.0,23392.75,23409.6,2941675.0
13-05-2026 11:25,23409.45,23410.7,23393.0,23399.0,3197483.0
13-05-2026 11:30,23399.85,23410.8,23395.7,23406.95,3108947.0
13-05-2026 11:35,23405.75,23468.5,23405.15,23468.5,4248200.0
13-05-2026 11:40,23468.6,23498.85,23466.6,23498.6,5655419.0
13-05-2026 11:45,23499.0,23509.9,23480.55,23482.55,4824862.0
13-05-2026 11:50,23481.95,23500.25,23472.85,23474.5,3346905.0
13-05-2026 11:55,23473.15,23488.9,23466.0,23466.1,3819296.0
13-05-2026 12:00,23465.45,23488.75,23465.45,23486.65,4099491.0
13-05-2026 12:05,23486.3,23499.3,23481.7,23497.7,4132874.0
13-05-2026 12:10,23496.85,23514.15,23492.6,23512.75,4244302.0
13-05-2026 12:15,23511.95,23518.7,23479.05,23497.95,4627294.0
13-05-2026 12:20,23497.15,23497.65,23483.65,23488.5,4619711.0
13-05-2026 12:25,23488.2,23495.9,23481.75,23491.0,3493927.0
13-05-2026 12:30,23489.5,23497.05,23474.4,23478.95,3394779.0
13-05-2026 12:35,23478.95,23484.25,23449.5,23465.25,5061279.0
13-05-2026 12:40,23465.0,23466.0,23423.3,23453.9,5481960.0
13-05-2026 12:45,23453.55,23469.75,23449.65,23468.45,2916651.0
13-05-2026 12:50,23468.2,23526.85,23467.65,23525.85,5541598.0
13-05-2026 12:55,23525.85,23579.6,23525.85,23577.95,6688179.0
13-05-2026 13:00,23578.1,23582.95,23549.35,23559.35,5865545.0
13-05-2026 13:05,23558.65,23561.95,23528.3,23532.45,3915021.0
13-05-2026 13:10,23531.5,23553.6,23530.1,23538.5,3960341.0
13-05-2026 13:15,23538.0,23538.95,23494.4,23505.1,3345827.0
13-05-2026 13:20,23505.15,23514.55,23495.1,23508.3,3298884.0
13-05-2026 13:25,23508.5,23512.7,23490.55,23496.75,3448223.0
13-05-2026 13:30,23492.05,23540.5,23492.05,23533.55,3575513.0
13-05-2026 13:35,23532.85,23539.15,23516.95,23535.55,2662337.0
13-05-2026 13:40,23535.9,23538.75,23520.8,23523.35,2759329.0
13-05-2026 13:45,23522.05,23535.0,23504.55,23511.75,3417051.0
13-05-2026 13:50,23510.75,23522.0,23507.1,23508.0,2672094.0
13-05-2026 13:55,23508.0,23509.6,23480.25,23499.8,3908494.0
13-05-2026 14:00,23499.85,23512.3,23481.8,23490.15,5601770.0
13-05-2026 14:05,23489.85,23513.45,23489.85,23513.0,3776139.0
13-05-2026 14:10,23512.9,23525.0,23507.65,23516.8,3230471.0
13-05-2026 14:15,23516.5,23522.4,23483.25,23483.45,3187679.0
13-05-2026 14:20,23482.35,23514.3,23469.8,23510.55,5479026.0
13-05-2026 14:25,23509.5,23516.35,23481.4,23491.35,4905764.0
13-05-2026 14:30,23491.05,23502.95,23490.2,23498.15,6911236.0
13-05-2026 14:35,23497.4,23504.4,23487.7,23500.15,5134772.0
13-05-2026 14:40,23499.7,23501.5,23465.2,23467.5,5914523.0
13-05-2026 14:45,23468.2,23484.35,23446.65,23482.85,7028462.0
13-05-2026 14:50,23482.7,23490.85,23469.55,23485.1,4303584.0
13-05-2026 14:55,23483.95,23486.65,23474.25,23479.2,4585854.0
13-05-2026 15:00,23476.75,23478.7,23416.25,23418.3,11537841.0
13-05-2026 15:05,23418.8,23425.7,23402.85,23423.95,10420084.0
13-05-2026 15:10,23423.35,23426.25,23405.0,23425.7,9901830.0
13-05-2026 15:15,23425.4,23428.25,23411.75,23412.7,10310366.0
13-05-2026 15:20,23412.55,23414.85,23394.35,23398.25,13746359.0
13-05-2026 15:25,23397.35,23436.95,23397.35,23428.7,12241721.0
14-05-2026 09:15,23530.25,23581.5,23515.6,23550.05,20720448.0
14-05-2026 09:20,23549.9,23575.65,23548.9,23569.45,11143041.0
14-05-2026 09:25,23569.7,23589.2,23564.3,23581.3,6377162.0
14-05-2026 09:30,23581.35,23586.2,23562.8,23564.3,6704507.0
14-05-2026 09:35,23565.5,23569.95,23523.85,23524.5,7103011.0
14-05-2026 09:40,23525.75,23526.3,23493.8,23496.8,7035474.0
14-05-2026 09:45,23499.0,23532.95,23490.2,23492.65,6816649.0
14-05-2026 09:50,23494.05,23502.8,23468.65,23471.45,6480568.0
14-05-2026 09:55,23473.2,23479.35,23446.7,23464.45,5733854.0
14-05-2026 10:00,23466.1,23492.6,23455.45,23482.55,4615640.0
14-05-2026 10:05,23483.8,23490.35,23459.65,23484.95,4402201.0
14-05-2026 10:10,23483.85,23496.35,23472.2,23495.8,3391879.0
14-05-2026 10:15,23496.8,23513.7,23481.35,23513.7,5461058.0
14-05-2026 10:20,23515.35,23516.25,23473.25,23494.55,4138624.0
14-05-2026 10:25,23495.95,23517.5,23491.9,23506.4,3194401.0
14-05-2026 10:30,23507.65,23519.4,23504.05,23519.05,3228888.0
14-05-2026 10:35,23520.2,23537.5,23519.4,23529.4,3923188.0
14-05-2026 10:40,23530.55,23533.25,23496.8,23497.25,3643607.0
14-05-2026 10:45,23495.6,23495.6,23436.05,23437.2,5556806.0
14-05-2026 10:50,23439.0,23480.6,23426.55,23473.0,6027768.0
14-05-2026 10:55,23473.3,23473.75,23430.45,23430.45,4086132.0
14-05-2026 11:00,23432.9,23444.15,23431.65,23435.25,3630019.0
14-05-2026 11:05,23435.95,23446.4,23427.85,23432.1,4373224.0
14-05-2026 11:10,23433.45,23461.35,23429.7,23459.15,3673421.0
14-05-2026 11:15,23459.85,23502.95,23459.0,23502.95,5800523.0
14-05-2026 11:20,23503.85,23549.25,23500.7,23543.15,5584285.0
14-05-2026 11:25,23545.7,23577.8,23514.05,23567.4,5708897.0
14-05-2026 11:30,23568.5,23610.35,23566.6,23604.65,5568903.0
14-05-2026 11:35,23605.3,23634.2,23600.9,23628.05,6053151.0
14-05-2026 11:40,23629.15,23669.45,23612.25,23668.6,7668387.0
14-05-2026 11:45,23670.7,23683.55,23645.05,23681.25,8875385.0
14-05-2026 11:50,23683.35,23702.5,23669.4,23673.75,6185867.0
14-05-2026 11:55,23675.45,23689.3,23666.9,23684.6,5245260.0
14-05-2026 12:00,23685.55,23685.55,23645.95,23650.6,5630925.0
14-05-2026 12:05,23653.45,23669.3,23645.85,23650.65,4172477.0
14-05-2026 12:10,23651.95,23668.25,23636.45,23667.4,3454940.0
14-05-2026 12:15,23667.95,23708.1,23667.2,23681.65,4804381.0
14-05-2026 12:20,23682.6,23699.1,23680.2,23696.25,3491129.0
14-05-2026 12:25,23697.9,23708.3,23688.2,23692.65,4112621.0
14-05-2026 12:30,23695.2,23701.25,23679.2,23682.7,3950837.0
14-05-2026 12:35,23682.4,23690.15,23667.45,23677.35,3646932.0
14-05-2026 12:40,23679.45,23702.9,23673.1,23701.7,4169163.0
14-05-2026 12:45,23703.35,23713.0,23684.15,23710.55,5174843.0
14-05-2026 12:50,23711.75,23711.75,23675.8,23684.95,4396546.0
14-05-2026 12:55,23686.15,23697.1,23676.65,23689.0,3139410.0
14-05-2026 13:00,23690.2,23739.65,23689.3,23738.45,4435512.0
14-05-2026 13:05,23739.45,23747.8,23721.55,23722.75,3606755.0
14-05-2026 13:10,23723.4,23726.7,23695.9,23713.55,4223972.0
14-05-2026 13:15,23715.25,23732.85,23709.65,23721.15,4333674.0
14-05-2026 13:20,23722.15,23727.3,23710.65,23710.75,5751410.0
14-05-2026 13:25,23711.9,23729.5,23709.9,23715.15,6816661.0
14-05-2026 13:30,23718.1,23739.55,23709.3,23737.85,3385901.0
14-05-2026 13:35,23741.3,23760.45,23735.75,23739.25,4571392.0
14-05-2026 13:40,23740.55,23758.6,23738.05,23752.55,4867075.0
14-05-2026 13:45,23753.8,23763.65,23735.45,23740.9,6503972.0
14-05-2026 13:50,23742.5,23753.5,23725.95,23747.85,4422424.0
14-05-2026 13:55,23749.95,23756.15,23738.2,23751.35,5351839.0
14-05-2026 14:00,23751.85,23758.5,23740.0,23751.05,3459112.0
14-05-2026 14:05,23753.7,23768.75,23745.35,23758.05,4819024.0
14-05-2026 14:10,23759.6,23765.2,23741.45,23744.55,3864833.0
14-05-2026 14:15,23746.45,23757.6,23724.4,23724.9,4027089.0
14-05-2026 14:20,23727.35,23743.45,23719.8,23740.2,3535784.0
14-05-2026 14:25,23741.5,23757.8,23740.9,23755.35,3994933.0
14-05-2026 14:30,23756.1,23777.2,23750.15,23758.85,5843130.0
14-05-2026 14:35,23760.7,23761.05,23725.95,23737.75,6382569.0
14-05-2026 14:40,23739.75,23742.6,23722.3,23730.1,5575758.0
14-05-2026 14:45,23729.85,23733.0,23693.2,23694.7,6671242.0
14-05-2026 14:50,23695.5,23716.75,23692.35,23702.4,5405556.0
14-05-2026 14:55,23702.85,23722.9,23688.25,23710.15,5401226.0
14-05-2026 15:00,23711.65,23713.25,23690.2,23706.2,9783611.0
14-05-2026 15:05,23707.65,23707.65,23670.2,23672.9,10577779.0
14-05-2026 15:10,23673.8,23691.95,23670.9,23683.8,10188838.0
14-05-2026 15:15,23684.1,23691.0,23668.15,23687.3,9706649.0
14-05-2026 15:20,23687.25,23697.25,23679.35,23696.6,9922811.0
14-05-2026 15:25,23695.75,23719.55,23688.1,23713.75,9751898.0
15-05-2026 09:15,23731.4,23774.95,23663.35,23719.1,25938788.0
15-05-2026 09:20,23719.1,23765.7,23707.3,23764.9,13191942.0
15-05-2026 09:25,23764.95,23796.95,23751.85,23787.9,10067103.0
15-05-2026 09:30,23787.3,23790.25,23748.5,23749.6,9858479.0
15-05-2026 09:35,23748.8,23772.9,23734.1,23770.8,7434415.0
15-05-2026 09:40,23770.65,23803.15,23769.6,23802.1,7251691.0
15-05-2026 09:45,23802.5,23818.0,23792.55,23795.6,6941844.0
15-05-2026 09:50,23795.15,23824.75,23791.0,23823.15,5552099.0
15-05-2026 09:55,23823.0,23837.0,23817.95,23817.95,4568076.0
15-05-2026 10:00,23819.1,23821.35,23787.7,23818.35,5374204.0
15-05-2026 10:05,23818.55,23819.25,23785.25,23787.6,4542150.0
15-05-2026 10:10,23787.5,23801.45,23781.25,23800.25,3737027.0
15-05-2026 10:15,23800.3,23815.5,23792.5,23796.4,3870751.0
15-05-2026 10:20,23796.5,23821.0,23788.75,23820.5,5096814.0
15-05-2026 10:25,23820.6,23834.15,23820.2,23828.15,5580948.0
15-05-2026 10:30,23827.85,23829.25,23805.15,23815.15,5423060.0
15-05-2026 10:35,23815.15,23822.1,23802.85,23805.75,3216966.0
15-05-2026 10:40,23806.1,23823.2,23800.95,23817.05,3678911.0
15-05-2026 10:45,23816.9,23832.05,23816.9,23827.0,3139289.0
15-05-2026 10:50,23827.4,23839.3,23822.05,23830.45,3239780.0
15-05-2026 10:55,23830.5,23834.85,23820.25,23829.55,3685148.0
15-05-2026 11:00,23829.25,23830.75,23780.75,23782.35,4969631.0
15-05-2026 11:05,23782.0,23784.45,23741.8,23742.8,4857664.0
15-05-2026 11:10,23743.05,23757.2,23732.25,23743.55,3582624.0
15-05-2026 11:15,23743.55,23751.7,23713.55,23742.65,4347522.0
15-05-2026 11:20,23742.75,23747.65,23725.25,23726.35,2980156.0
15-05-2026 11:25,23727.35,23732.85,23712.4,23712.7,3253069.0
15-05-2026 11:30,23711.4,23720.1,23677.65,23716.85,4225924.0
15-05-2026 11:35,23717.6,23728.3,23704.95,23727.0,3423116.0
15-05-2026 11:40,23727.25,23730.45,23711.8,23721.75,2842835.0
15-05-2026 11:45,23721.55,23734.45,23717.2,23726.2,4676628.0
15-05-2026 11:50,23725.75,23735.3,23718.8,23720.95,4641917.0
15-05-2026 11:55,23720.9,23727.4,23713.4,23725.55,3177878.0
15-05-2026 12:00,23725.9,23755.85,23718.75,23754.05,4409971.0
15-05-2026 12:05,23754.15,23769.6,23752.25,23755.25,3241129.0
15-05-2026 12:10,23755.25,23765.6,23747.3,23751.15,2854043.0
15-05-2026 12:15,23751.0,23755.3,23731.15,23740.05,4218375.0
15-05-2026 12:20,23740.25,23741.7,23720.7,23725.5,2334388.0
15-05-2026 12:25,23725.45,23743.2,23718.7,23720.5,3253672.0
15-05-2026 12:30,23720.7,23736.45,23715.55,23736.35,3118482.0
15-05-2026 12:35,23736.45,23747.8,23734.1,23744.3,2273964.0
15-05-2026 12:40,23743.8,23769.7,23743.8,23767.5,3187683.0
15-05-2026 12:45,23768.65,23786.95,23766.05,23783.6,4428616.0
15-05-2026 12:50,23783.85,23797.5,23777.6,23782.35,4228251.0
15-05-2026 12:55,23782.3,23790.05,23774.65,23784.65,2966614.0
15-05-2026 13:00,23784.6,23787.35,23773.15,23775.45,2612055.0
15-05-2026 13:05,23775.65,23784.4,23766.65,23775.4,3631399.0
15-05-2026 13:10,23775.15,23786.2,23775.1,23780.65,2599183.0
15-05-2026 13:15,23780.95,23785.85,23770.45,23785.85,3189334.0
15-05-2026 13:20,23785.9,23787.8,23774.05,23776.05,4013637.0
15-05-2026 13:25,23777.0,23785.2,23765.7,23776.1,2774886.0
15-05-2026 13:30,23776.05,23779.6,23758.5,23761.55,3433496.0
15-05-2026 13:35,23761.7,23770.8,23737.0,23739.7,6616259.0
15-05-2026 13:40,23740.0,23742.65,23728.0,23739.2,5065546.0
15-05-2026 13:45,23738.8,23750.65,23702.3,23711.0,5222097.0
15-05-2026 13:50,23711.5,23733.85,23699.55,23728.7,4012804.0
15-05-2026 13:55,23728.45,23734.75,23705.25,23713.55,3620941.0
15-05-2026 14:00,23712.95,23714.65,23694.45,23694.95,3729626.0
15-05-2026 14:05,23694.4,23715.0,23693.7,23713.8,3914130.0
15-05-2026 14:10,23713.55,23722.35,23704.45,23722.35,3545545.0
15-05-2026 14:15,23722.3,23726.65,23704.7,23718.1,4597646.0
15-05-2026 14:20,23717.2,23720.2,23701.6,23706.75,3726757.0
15-05-2026 14:25,23707.1,23708.5,23685.3,23695.7,3907016.0
15-05-2026 14:30,23696.95,23702.95,23676.6,23695.05,6459243.0
15-05-2026 14:35,23695.6,23703.2,23685.1,23692.55,6553293.0
15-05-2026 14:40,23693.1,23705.3,23689.65,23690.75,3891662.0
15-05-2026 14:45,23690.6,23692.25,23625.5,23625.95,7290308.0
15-05-2026 14:50,23626.05,23633.3,23610.3,23618.7,8647395.0
15-05-2026 14:55,23618.8,23658.15,23611.5,23646.85,6241037.0
15-05-2026 15:00,23646.1,23674.75,23633.8,23674.2,10522703.0
15-05-2026 15:05,23675.25,23678.35,23644.0,23647.85,10079958.0
15-05-2026 15:10,23647.2,23653.2,23640.1,23644.1,9981617.0
15-05-2026 15:15,23643.6,23645.85,23616.5,23637.15,12775627.0
15-05-2026 15:20,23638.65,23646.85,23626.0,23632.85,13070009.0
15-05-2026 15:25,23633.45,23660.75,23625.3,23659.35,10538664.0
15-05-2026 15:30,23659.35,23659.35,23659.35,23659.35,1430505.0
18-05-2026 09:15,23482.2,23494.6,23371.8,23400.5,22260262.0
18-05-2026 09:20,23399.5,23413.35,23383.35,23401.5,11825873.0
18-05-2026 09:25,23402.4,23405.45,23363.05,23373.1,7414955.0
18-05-2026 09:30,23373.15,23394.95,23359.65,23388.2,7411504.0
18-05-2026 09:35,23387.9,23394.8,23347.35,23358.4,5878771.0
18-05-2026 09:40,23358.5,23383.5,23349.7,23371.05,6502869.0
18-05-2026 09:45,23370.75,23372.2,23341.25,23342.4,5476012.0
18-05-2026 09:50,23342.6,23345.1,23322.3,23325.05,5659057.0
18-05-2026 09:55,23325.35,23342.05,23317.1,23341.15,5123785.0
18-05-2026 10:00,23340.8,23364.05,23339.5,23361.05,4763213.0
18-05-2026 10:05,23361.1,23366.5,23340.3,23350.9,5489097.0
18-05-2026 10:10,23350.75,23366.4,23348.7,23362.4,5253718.0
18-05-2026 10:15,23362.3,23389.45,23353.9,23384.9,6132622.0
18-05-2026 10:20,23385.0,23389.05,23373.5,23381.9,4351628.0
18-05-2026 10:25,23382.2,23385.95,23375.5,23379.85,3385077.0
18-05-2026 10:30,23379.75,23414.4,23355.55,23413.65,4518682.0
18-05-2026 10:35,23414.05,23439.7,23412.55,23429.0,4233172.0
18-05-2026 10:40,23429.0,23433.5,23403.95,23417.2,3247360.0
18-05-2026 10:45,23417.8,23418.1,23389.6,23408.65,3373524.0
18-05-2026 10:50,23408.15,23445.3,23408.15,23443.7,3801376.0
18-05-2026 10:55,23443.55,23465.95,23442.7,23465.1,3149355.0
18-05-2026 11:00,23464.9,23471.45,23452.6,23455.25,3758012.0
18-05-2026 11:05,23455.15,23477.75,23454.75,23476.4,2987524.0
18-05-2026 11:10,23477.1,23477.75,23460.6,23470.1,3649225.0
18-05-2026 11:15,23470.2,23495.15,23465.85,23494.05,3892736.0
18-05-2026 11:20,23494.3,23518.6,23476.05,23516.2,4042558.0
18-05-2026 11:25,23516.4,23519.9,23494.2,23495.8,3151252.0
18-05-2026 11:30,23495.8,23532.8,23494.4,23528.55,3892766.0
18-05-2026 11:35,23529.25,23562.75,23524.55,23560.65,4460867.0
18-05-2026 11:40,23560.7,23561.1,23525.15,23534.25,3336380.0
18-05-2026 11:45,23534.55,23538.25,23502.8,23512.7,4184006.0
18-05-2026 11:50,23512.55,23512.9,23499.3,23499.7,2828457.0
18-05-2026 11:55,23500.1,23509.65,23473.7,23474.7,2773349.0
18-05-2026 12:00,23474.75,23485.5,23468.35,23477.9,4470058.0
18-05-2026 12:05,23477.7,23500.15,23477.7,23492.5,3657740.0
18-05-2026 12:10,23492.45,23525.65,23492.0,23524.75,4333361.0
18-05-2026 12:15,23524.15,23535.15,23513.15,23520.7,5903613.0
18-05-2026 12:20,23521.2,23537.15,23518.45,23535.95,3193193.0
18-05-2026 12:25,23536.0,23558.15,23536.0,23553.45,5055966.0
18-05-2026 12:30,23553.5,23601.2,23553.5,23593.95,5622885.0
18-05-2026 12:35,23593.1,23610.0,23591.7,23604.4,5116172.0
18-05-2026 12:40,23604.25,23608.05,23578.75,23584.75,3998197.0
18-05-2026 12:45,23585.0,23588.75,23572.65,23578.75,3544924.0
18-05-2026 12:50,23579.2,23592.1,23577.0,23589.25,3228297.0
18-05-2026 12:55,23589.5,23637.9,23589.05,23636.9,6128204.0
18-05-2026 13:00,23637.15,23661.65,23634.5,23646.35,4858399.0
18-05-2026 13:05,23645.9,23647.25,23605.25,23610.35,5175345.0
18-05-2026 13:10,23610.65,23616.45,23592.25,23615.9,4760619.0
18-05-2026 13:15,23615.5,23628.75,23613.9,23620.35,3288264.0
18-05-2026 13:20,23620.5,23627.75,23596.45,23627.7,3558681.0
18-05-2026 13:25,23628.0,23634.25,23610.1,23618.95,4042035.0
18-05-2026 13:30,23618.35,23633.5,23611.8,23621.5,3826207.0
18-05-2026 13:35,23622.15,23628.4,23606.2,23607.05,3612272.0
18-05-2026 13:40,23607.0,23630.8,23599.15,23622.4,3538842.0
18-05-2026 13:45,23622.05,23625.5,23604.05,23624.45,3848635.0
18-05-2026 13:50,23625.05,23646.35,23623.1,23642.85,3646951.0
18-05-2026 13:55,23642.5,23659.4,23634.05,23640.9,4076842.0
18-05-2026 14:00,23641.25,23652.0,23627.4,23641.3,3271667.0
18-05-2026 14:05,23642.25,23644.2,23612.65,23615.15,3350114.0
18-05-2026 14:10,23615.15,23638.1,23606.7,23624.85,4906481.0
18-05-2026 14:15,23624.9,23624.9,23599.0,23612.15,2973872.0
18-05-2026 14:20,23612.4,23619.45,23591.05,23591.05,3520944.0
18-05-2026 14:25,23590.75,23620.7,23583.85,23614.35,4935773.0
18-05-2026 14:30,23613.5,23624.25,23595.9,23597.4,4388190.0
18-05-2026 14:35,23597.8,23603.75,23586.05,23587.1,3656672.0
18-05-2026 14:40,23586.6,23611.3,23582.0,23602.95,3867853.0
18-05-2026 14:45,23603.35,23607.9,23585.75,23585.75,3495806.0
18-05-2026 14:50,23586.05,23595.5,23583.5,23592.1,3468380.0
18-05-2026 14:55,23592.65,23598.0,23581.95,23591.5,6369083.0
18-05-2026 15:00,23591.0,23695.65,23590.25,23662.7,14558742.0
18-05-2026 15:05,23662.45,23674.25,23629.1,23637.7,10375457.0
18-05-2026 15:10,23638.05,23649.8,23631.65,23634.6,8794167.0
18-05-2026 15:15,23634.25,23635.6,23619.3,23626.9,9930848.0
18-05-2026 15:20,23626.95,23658.35,23626.2,23657.3,11614987.0
18-05-2026 15:25,23657.0,23658.4,23640.05,23644.45,9167668.0
18-05-2026 15:30,23645.65,23645.65,23645.65,23645.65,1225956.0
19-05-2026 09:15,23675.3,23741.0,23675.25,23734.8,18799557.0
19-05-2026 09:20,23736.45,23758.45,23719.8,23748.95,11934996.0
19-05-2026 09:25,23749.05,23765.65,23746.15,23756.9,8240106.0
19-05-2026 09:30,23759.6,23768.95,23683.55,23684.0,8375715.0
19-05-2026 09:35,23684.0,23707.7,23647.4,23706.15,7392565.0
19-05-2026 09:40,23706.75,23757.9,23706.75,23749.2,6113529.0
19-05-2026 09:45,23751.2,23751.7,23706.1,23714.15,5344085.0
19-05-2026 09:50,23716.05,23722.15,23689.35,23696.0,27236930.0
19-05-2026 09:55,23695.05,23703.8,23677.6,23678.15,4615908.0
19-05-2026 10:00,23679.0,23721.0,23678.15,23699.25,8551892.0
19-05-2026 10:05,23699.85,23730.2,23696.5,23722.8,5544842.0
19-05-2026 10:10,23723.9,23762.9,23720.9,23753.45,4923051.0
19-05-2026 10:15,23753.75,23762.6,23724.9,23725.7,4269089.0
19-05-2026 10:20,23726.5,23743.3,23724.0,23739.2,3082399.0
19-05-2026 10:25,23740.75,23756.75,23739.1,23751.05,3458635.0
19-05-2026 10:30,23751.05,23757.85,23735.75,23744.85,4748647.0
19-05-2026 10:35,23745.95,23754.05,23734.2,23753.15,4537113.0
19-05-2026 10:40,23754.0,23765.15,23743.15,23764.75,4762570.0
19-05-2026 10:45,23765.3,23774.75,23750.4,23757.05,4645180.0
19-05-2026 10:50,23757.45,23767.55,23724.9,23742.1,4637048.0
19-05-2026 10:55,23742.3,23782.3,23741.15,23771.65,4470994.0
19-05-2026 11:00,23771.95,23774.95,23744.1,23751.55,4946261.0
19-05-2026 11:05,23752.65,23752.65,23738.45,23743.85,4550333.0
19-05-2026 11:10,23745.25,23754.0,23718.1,23720.1,6572526.0
19-05-2026 11:15,23719.75,23721.55,23695.35,23708.0,5443320.0
19-05-2026 11:20,23709.25,23721.4,23698.45,23713.75,3629370.0
19-05-2026 11:25,23714.35,23728.35,23707.05,23727.85,4523827.0
19-05-2026 11:30,23728.15,23728.15,23705.05,23718.2,5206189.0
19-05-2026 11:35,23720.7,23728.5,23704.85,23724.15,4547036.0
19-05-2026 11:40,23725.25,23754.75,23721.7,23750.05,4021971.0
19-05-2026 11:45,23752.2,23763.75,23745.7,23754.35,3250560.0
19-05-2026 11:50,23754.4,23763.85,23754.2,23760.15,3811925.0
19-05-2026 11:55,23760.95,23772.75,23752.9,23754.95,4319440.0
19-05-2026 12:00,23754.65,23755.6,23733.75,23741.4,4137854.0
19-05-2026 12:05,23742.8,23747.95,23734.65,23741.45,3562122.0
19-05-2026 12:10,23742.2,23749.7,23739.8,23743.05,3616154.0
19-05-2026 12:15,23744.55,23747.55,23730.7,23744.55,3053157.0
19-05-2026 12:20,23746.3,23753.8,23727.45,23733.75,3176162.0
19-05-2026 12:25,23733.6,23755.5,23724.25,23752.55,4257105.0
19-05-2026 12:30,23752.4,23753.75,23729.55,23736.0,3753858.0
19-05-2026 12:35,23737.1,23743.2,23722.15,23740.7,3416665.0
19-05-2026 12:40,23741.65,23741.8,23726.9,23738.05,3359576.0
19-05-2026 12:45,23738.65,23743.2,23721.0,23727.6,4246919.0
19-05-2026 12:50,23729.65,23731.7,23719.3,23728.45,4825362.0
19-05-2026 12:55,23729.4,23732.15,23721.85,23723.9,2707791.0
19-05-2026 13:00,23725.25,23735.75,23711.65,23713.55,2721640.0
19-05-2026 13:05,23713.35,23729.45,23707.05,23724.75,3081994.0
19-05-2026 13:10,23724.8,23724.9,23706.1,23709.2,3011236.0
19-05-2026 13:15,23708.35,23738.85,23701.45,23728.9,3007588.0
19-05-2026 13:20,23730.1,23732.85,23721.5,23732.85,2621200.0
19-05-2026 13:25,23733.75,23733.75,23720.85,23724.6,3035300.0
19-05-2026 13:30,23724.85,23743.3,23723.65,23730.9,3747878.0
19-05-2026 13:35,23731.8,23731.8,23685.85,23709.15,5117499.0
19-05-2026 13:40,23710.35,23710.35,23694.35,23696.85,3070124.0
19-05-2026 13:45,23697.3,23716.0,23695.9,23704.5,5224526.0
19-05-2026 13:50,23705.65,23711.4,23697.35,23699.55,4032430.0
19-05-2026 13:55,23700.6,23700.6,23674.0,23689.1,4622493.0
19-05-2026 14:00,23691.35,23719.45,23684.55,23715.05,5061065.0
19-05-2026 14:05,23714.9,23719.5,23704.6,23705.35,3138125.0
19-05-2026 14:10,23706.5,23725.35,23700.7,23717.5,5134533.0
19-05-2026 14:15,23717.35,23736.55,23715.4,23715.85,4535332.0
19-05-2026 14:20,23716.2,23726.95,23699.7,23710.15,4761678.0
19-05-2026 14:25,23711.35,23718.45,23701.35,23703.15,4962013.0
19-05-2026 14:30,23704.45,23705.3,23690.2,23701.2,5341515.0
19-05-2026 14:35,23701.1,23701.65,23672.25,23682.0,5588856.0
19-05-2026 14:40,23682.05,23691.35,23649.0,23657.2,5648076.0
19-05-2026 14:45,23657.4,23657.75,23632.35,23653.0,5783320.0
19-05-2026 14:50,23653.45,23666.9,23644.55,23647.25,5821302.0
19-05-2026 14:55,23648.5,23665.45,23646.25,23655.75,6076754.0
19-05-2026 15:00,23655.15,23659.3,23623.1,23632.35,13963098.0
19-05-2026 15:05,23630.55,23642.65,23624.5,23625.6,12734354.0
19-05-2026 15:10,23625.95,23628.2,23608.0,23624.55,13499709.0
19-05-2026 15:15,23624.4,23629.2,23600.9,23609.05,13378684.0
19-05-2026 15:20,23608.2,23612.5,23592.4,23597.0,14013069.0
19-05-2026 15:25,23596.85,23607.15,23587.2,23606.2,11124850.0
19-05-2026 15:30,23606.2,23606.2,23606.2,23606.2,1560220.0
20-05-2026 09:15,23457.25,23469.9,23397.3,23459.9,17601177.0
20-05-2026 09:20,23461.45,23464.85,23442.45,23458.7,9900675.0
20-05-2026 09:25,23458.4,23481.95,23453.75,23476.95,6254195.0
20-05-2026 09:30,23477.55,23524.9,23473.5,23520.15,6039848.0
20-05-2026 09:35,23521.65,23535.75,23506.1,23533.2,5820156.0
20-05-2026 09:40,23534.8,23536.9,23498.55,23524.25,5975906.0
20-05-2026 09:45,23523.25,23536.45,23511.95,23522.25,4560440.0
20-05-2026 09:50,23521.25,23541.45,23520.9,23526.55,4078108.0
20-05-2026 09:55,23526.5,23548.6,23516.5,23541.9,4171503.0
20-05-2026 10:00,23541.8,23546.65,23495.75,23503.9,5816084.0
20-05-2026 10:05,23504.6,23505.2,23486.1,23500.4,4639530.0
20-05-2026 10:10,23500.45,23512.0,23491.65,23500.55,3840287.0
20-05-2026 10:15,23500.3,23512.1,23494.6,23500.0,2932493.0
20-05-2026 10:20,23498.9,23505.1,23476.75,23478.05,3478238.0
20-05-2026 10:25,23477.95,23519.9,23475.65,23519.9,3765308.0
20-05-2026 10:30,23519.9,23567.45,23519.9,23562.1,5706621.0
20-05-2026 10:35,23562.55,23576.15,23561.65,23562.65,4124040.0
20-05-2026 10:40,23562.1,23564.8,23530.65,23532.7,3915010.0
20-05-2026 10:45,23532.95,23535.25,23503.65,23506.45,3328957.0
20-05-2026 10:50,23506.8,23546.9,23506.8,23546.3,3245504.0
20-05-2026 10:55,23546.1,23549.35,23538.6,23546.4,6398471.0
20-05-2026 11:00,23546.75,23573.2,23546.75,23564.45,4852100.0
20-05-2026 11:05,23564.15,23580.75,23562.4,23575.6,5221271.0
20-05-2026 11:10,23574.95,23582.6,23562.2,23562.2,3775670.0
20-05-2026 11:15,23561.75,23573.35,23558.3,23564.95,3623508.0
20-05-2026 11:20,23565.4,23598.15,23564.0,23582.05,3186725.0
20-05-2026 11:25,23582.4,23602.75,23582.4,23599.85,3145397.0
20-05-2026 11:30,23599.95,23608.3,23588.55,23594.5,3019688.0
20-05-2026 11:35,23594.5,23618.15,23588.5,23609.35,4404217.0
20-05-2026 11:40,23609.6,23610.8,23594.8,23605.05,3608224.0
20-05-2026 11:45,23605.3,23639.45,23604.9,23635.55,3119499.0
20-05-2026 11:50,23635.3,23640.25,23615.15,23626.9,3430927.0
20-05-2026 11:55,23626.85,23629.75,23608.15,23608.15,2782084.0
20-05-2026 12:00,23609.1,23613.65,23591.25,23592.35,2804550.0
20-05-2026 12:05,23592.65,23594.1,23577.0,23580.05,4506127.0
20-05-2026 12:10,23579.95,23587.45,23577.3,23579.95,2864726.0
20-05-2026 12:15,23580.0,23598.35,23579.5,23583.55,2483572.0
20-05-2026 12:20,23583.25,23608.45,23582.8,23601.95,2716229.0
20-05-2026 12:25,23602.55,23603.8,23581.65,23588.0,2626644.0
20-05-2026 12:30,23588.6,23596.85,23583.05,23590.55,2465691.0
20-05-2026 12:35,23590.7,23602.0,23586.9,23600.2,2251041.0
20-05-2026 12:40,23600.4,23606.45,23591.75,23602.8,4508315.0
20-05-2026 12:45,23603.4,23613.2,23598.7,23601.9,2855739.0
20-05-2026 12:50,23602.1,23611.4,23601.25,23605.95,2354042.0
20-05-2026 12:55,23606.15,23615.4,23604.7,23612.75,2898584.0
20-05-2026 13:00,23612.45,23617.05,23599.95,23602.2,3290875.0
20-05-2026 13:05,23603.25,23606.95,23588.75,23601.95,2720133.0
20-05-2026 13:10,23602.45,23612.9,23599.05,23601.4,4632136.0
20-05-2026 13:15,23601.5,23603.95,23579.75,23585.3,4216026.0
20-05-2026 13:20,23585.35,23596.8,23576.3,23583.25,3204785.0
20-05-2026 13:25,23583.5,23597.45,23561.85,23567.1,4392236.0
20-05-2026 13:30,23567.5,23598.7,23565.8,23597.05,3506414.0
20-05-2026 13:35,23597.15,23620.9,23592.1,23604.1,5054922.0
20-05-2026 13:40,23604.45,23605.9,23590.15,23595.85,2499688.0
20-05-2026 13:45,23596.4,23601.55,23590.8,23597.3,3107485.0
20-05-2026 13:50,23597.35,23605.1,23588.55,23605.1,2489511.0
20-05-2026 13:55,23604.9,23628.15,23603.0,23628.15,2726956.0
20-05-2026 14:00,23628.05,23644.65,23623.25,23630.2,3729899.0
20-05-2026 14:05,23630.1,23662.7,23626.8,23661.1,4414969.0
20-05-2026 14:10,23661.1,23664.4,23651.3,23651.95,5868477.0
20-05-2026 14:15,23652.25,23659.0,23643.1,23647.4,4026860.0
20-05-2026 14:20,23646.7,23678.95,23641.95,23674.1,4074003.0
20-05-2026 14:25,23674.15,23675.4,23655.35,23665.35,3645075.0
20-05-2026 14:30,23665.45,23675.7,23655.9,23660.9,4200460.0
20-05-2026 14:35,23660.8,23669.9,23652.6,23668.4,4667300.0
20-05-2026 14:40,23668.6,23681.55,23668.6,23677.6,3975853.0
20-05-2026 14:45,23677.75,23684.75,23673.65,23684.05,3950116.0
20-05-2026 14:50,23684.15,23688.35,23674.75,23685.1,4129674.0
20-05-2026 14:55,23684.95,23690.9,23679.1,23679.15,4310992.0
20-05-2026 15:00,23680.1,23680.75,23639.6,23643.5,8896151.0
20-05-2026 15:05,23643.75,23673.45,23641.7,23672.35,7613971.0
20-05-2026 15:10,23672.35,23675.3,23664.85,23667.9,7539240.0
20-05-2026 15:15,23668.05,23671.05,23658.55,23659.5,9099226.0
20-05-2026 15:20,23659.95,23663.1,23651.4,23658.3,10296897.0
20-05-2026 15:25,23660.65,23672.35,23654.85,23664.15,8993298.0
21-05-2026 09:15,23830.05,23859.9,23765.1,23768.45,13458113.0
21-05-2026 09:20,23768.0,23787.3,23752.05,23774.8,7523094.0
21-05-2026 09:25,23775.05,23780.85,23750.85,23757.35,5287930.0
21-05-2026 09:30,23758.1,23774.7,23728.05,23738.15,6817323.0
21-05-2026 09:35,23738.3,23773.2,23731.3,23768.95,4689518.0
21-05-2026 09:40,23769.5,23794.2,23755.8,23793.15,5572150.0
21-05-2026 09:45,23793.9,23796.85,23777.2,23785.55,4406914.0
21-05-2026 09:50,23787.4,23812.0,23781.75,23808.7,4803181.0
21-05-2026 09:55,23807.05,23810.3,23767.9,23768.35,4028266.0
21-05-2026 10:00,23769.55,23790.1,23768.3,23781.85,3514678.0
21-05-2026 10:05,23782.95,23785.65,23752.95,23763.6,3283833.0
21-05-2026 10:10,23766.55,23773.6,23759.65,23767.45,3069094.0
21-05-2026 10:15,23768.2,23784.8,23767.45,23776.5,5088394.0
21-05-2026 10:20,23777.7,23783.15,23766.75,23770.6,3305359.0
21-05-2026 10:25,23771.75,23790.55,23765.35,23780.0,3592185.0
21-05-2026 10:30,23781.75,23790.0,23761.25,23762.25,4250190.0
21-05-2026 10:35,23762.45,23767.4,23729.55,23734.95,3924265.0
21-05-2026 10:40,23736.35,23764.75,23734.25,23763.75,3205275.0
21-05-2026 10:45,23764.8,23774.2,23746.6,23749.1,4352131.0
21-05-2026 10:50,23748.95,23753.05,23733.35,23748.85,3315348.0
21-05-2026 10:55,23750.9,23750.9,23717.85,23723.75,3521940.0
21-05-2026 11:00,23726.15,23726.15,23706.9,23713.4,4550734.0
21-05-2026 11:05,23715.2,23717.65,23704.75,23717.4,2680085.0
21-05-2026 11:10,23718.9,23718.9,23695.35,23697.05,3271957.0
21-05-2026 11:15,23698.2,23698.2,23639.9,23678.65,4914025.0
21-05-2026 11:20,23679.35,23714.9,23675.6,23713.6,3979675.0
21-05-2026 11:25,23715.45,23746.45,23706.75,23742.55,4088978.0
21-05-2026 11:30,23744.2,23744.4,23725.75,23735.05,3231533.0
21-05-2026 11:35,23736.25,23740.2,23729.15,23729.9,2670870.0
21-05-2026 11:40,23732.4,23733.95,23721.7,23731.15,3037538.0
21-05-2026 11:45,23731.65,23734.65,23716.45,23723.55,3436450.0
21-05-2026 11:50,23724.1,23744.8,23721.25,23726.7,2668042.0
21-05-2026 11:55,23727.4,23732.25,23711.65,23716.05,3527968.0
21-05-2026 12:00,23716.75,23742.25,23716.75,23732.05,2589650.0
21-05-2026 12:05,23731.85,23741.25,23725.75,23734.0,2749500.0
21-05-2026 12:10,23735.75,23740.9,23704.8,23705.05,3087542.0
21-05-2026 12:15,23706.05,23718.9,23692.95,23708.5,4109868.0
21-05-2026 12:20,23710.3,23716.0,23691.0,23692.05,5511164.0
21-05-2026 12:25,23692.15,23697.6,23649.5,23663.8,5837774.0
21-05-2026 12:30,23663.4,23673.95,23652.0,23669.6,2647290.0
21-05-2026 12:35,23669.35,23669.85,23624.1,23632.35,5028601.0
21-05-2026 12:40,23632.1,23648.95,23607.35,23639.8,4126089.0
21-05-2026 12:45,23640.1,23641.25,23613.85,23630.9,2894968.0
21-05-2026 12:50,23631.2,23646.85,23630.3,23641.0,2398536.0
21-05-2026 12:55,23641.65,23643.3,23619.35,23624.2,2597620.0
21-05-2026 13:00,23625.2,23627.5,23596.6,23619.95,3127784.0
21-05-2026 13:05,23620.0,23641.8,23614.75,23637.75,3485350.0
21-05-2026 13:10,23637.8,23653.95,23632.45,23640.55,3718295.0
21-05-2026 13:15,23640.7,23647.95,23635.9,23643.4,2570958.0
21-05-2026 13:20,23643.4,23651.1,23635.6,23636.7,3531644.0
21-05-2026 13:25,23637.8,23643.4,23630.65,23631.6,2567409.0
21-05-2026 13:30,23632.4,23649.25,23622.75,23647.35,3051070.0
21-05-2026 13:35,23648.35,23674.55,23645.25,23663.35,3694995.0
21-05-2026 13:40,23663.5,23687.5,23662.2,23681.35,2641639.0
21-05-2026 13:45,23681.75,23691.8,23664.4,23665.15,2999602.0
21-05-2026 13:50,23665.0,23666.45,23645.85,23651.75,3076825.0
21-05-2026 13:55,23650.6,23675.85,23640.3,23673.3,3058092.0
21-05-2026 14:00,23673.35,23674.0,23644.9,23648.25,2623309.0
21-05-2026 14:05,23648.6,23651.1,23639.9,23642.7,3623826.0
21-05-2026 14:10,23642.55,23663.3,23638.1,23652.15,5687009.0
21-05-2026 14:15,23652.1,23656.7,23638.4,23651.45,3577283.0
21-05-2026 14:20,23651.55,23673.2,23651.55,23673.2,3318384.0
21-05-2026 14:25,23672.7,23678.35,23645.35,23652.4,4355493.0
21-05-2026 14:30,23653.6,23682.9,23650.4,23663.6,6568617.0
21-05-2026 14:35,23661.1,23678.05,23659.0,23663.1,3491188.0
21-05-2026 14:40,23663.7,23705.4,23660.5,23671.85,4080096.0
21-05-2026 14:45,23671.1,23691.3,23669.5,23678.3,4513797.0
21-05-2026 14:50,23679.1,23696.6,23673.55,23686.25,4597520.0
21-05-2026 14:55,23686.55,23693.5,23673.05,23679.3,5335954.0
21-05-2026 15:00,23679.55,23691.3,23649.25,23669.4,10299666.0
21-05-2026 15:05,23670.7,23678.25,23649.45,23655.2,12604369.0
21-05-2026 15:10,23654.8,23668.0,23637.05,23639.1,10759183.0
21-05-2026 15:15,23639.55,23649.75,23631.1,23636.6,10983222.0
21-05-2026 15:20,23635.9,23650.65,23633.7,23644.25,13797002.0
21-05-2026 15:25,23644.5,23652.45,23636.05,23648.6,10804785.0
21-05-2026 15:30,23648.6,23648.6,23648.6,23648.6,1711798.0
22-05-2026 09:15,23671.2,23710.8,23671.0,23693.5,11507418.0
22-05-2026 09:20,23692.85,23756.65,23692.85,23752.85,8023685.0
22-05-2026 09:25,23753.25,23756.25,23731.2,23738.6,5152874.0
22-05-2026 09:30,23738.6,23764.85,23733.1,23762.75,5976388.0
22-05-2026 09:35,23763.65,23778.6,23749.55,23755.85,4638736.0
22-05-2026 09:40,23755.5,23765.4,23729.55,23752.95,3882389.0
22-05-2026 09:45,23753.3,23761.2,23739.2,23740.8,3526607.0
22-05-2026 09:50,23740.95,23784.75,23740.55,23774.1,4828142.0
22-05-2026 09:55,23774.35,23788.8,23763.85,23779.65,3157221.0
22-05-2026 10:00,23778.6,23781.35,23767.05,23767.3,3930206.0
22-05-2026 10:05,23766.5,23787.5,23759.4,23785.5,4693328.0
22-05-2026 10:10,23785.15,23800.15,23785.15,23791.7,5141989.0
22-05-2026 10:15,23791.65,23795.4,23759.9,23764.1,5257003.0
22-05-2026 10:20,23763.5,23785.4,23762.9,23765.65,5394710.0
22-05-2026 10:25,23765.45,23776.1,23759.65,23761.45,4647040.0
22-05-2026 10:30,23761.35,23786.6,23761.35,23778.15,4047026.0
22-05-2026 10:35,23778.3,23782.6,23765.4,23773.05,3824686.0
22-05-2026 10:40,23773.75,23795.15,23773.75,23792.7,3642292.0
22-05-2026 10:45,23793.0,23797.85,23775.1,23783.9,4155950.0
22-05-2026 10:50,23784.3,23789.55,23775.45,23785.6,3396701.0
22-05-2026 10:55,23785.6,23786.45,23776.45,23780.75,3411855.0
22-05-2026 11:00,23781.2,23782.55,23771.45,23777.6,3865792.0
22-05-2026 11:05,23777.6,23782.5,23769.5,23775.05,3328438.0
22-05-2026 11:10,23774.7,23779.15,23765.95,23771.6,3180894.0
22-05-2026 11:15,23772.45,23774.65,23765.45,23766.6,3363764.0
22-05-2026 11:20,23767.0,23789.3,23756.1,23785.0,4120109.0
22-05-2026 11:25,23785.1,23786.7,23750.7,23758.9,4540927.0
22-05-2026 11:30,23758.2,23767.75,23750.05,23757.5,4306036.0
22-05-2026 11:35,23757.25,23775.2,23756.05,23774.05,3185511.0
22-05-2026 11:40,23774.2,23808.9,23771.95,23808.25,4786271.0
22-05-2026 11:45,23807.7,23828.5,23804.1,23809.25,4543060.0
22-05-2026 11:50,23809.25,23811.15,23801.45,23804.55,2821695.0
22-05-2026 11:55,23804.85,23809.75,23800.7,23804.85,2315149.0
22-05-2026 12:00,23804.9,23808.35,23793.3,23794.95,3318233.0
22-05-2026 12:05,23795.1,23801.1,23789.8,23791.3,3851913.0
22-05-2026 12:10,23790.7,23808.3,23790.45,23798.6,2768729.0
22-05-2026 12:15,23798.4,23802.45,23792.2,23794.35,3146173.0
22-05-2026 12:20,23794.75,23796.75,23775.6,23775.7,4396161.0
22-05-2026 12:25,23776.05,23784.4,23771.45,23774.75,2619460.0
22-05-2026 12:30,23774.85,23776.9,23758.85,23775.05,3664662.0
22-05-2026 12:35,23775.3,23780.15,23769.25,23778.9,3702269.0
22-05-2026 12:40,23779.5,23798.5,23777.3,23792.6,2590359.0
22-05-2026 12:45,23792.95,23816.85,23789.25,23813.0,3067186.0
22-05-2026 12:50,23813.0,23833.7,23813.0,23831.55,3889537.0
22-05-2026 12:55,23831.45,23835.65,23825.0,23827.45,2910678.0
22-05-2026 13:00,23828.25,23833.25,23819.3,23827.95,3517210.0
22-05-2026 13:05,23828.5,23829.0,23812.95,23819.4,2666940.0
22-05-2026 13:10,23819.55,23826.45,23816.95,23819.1,3062033.0
22-05-2026 13:15,23819.3,23822.65,23807.55,23812.1,3883335.0
22-05-2026 13:20,23812.5,23820.7,23804.8,23809.15,3561896.0
22-05-2026 13:25,23808.05,23816.6,23803.6,23809.4,3096114.0
22-05-2026 13:30,23809.1,23818.2,23805.15,23816.2,2652939.0
22-05-2026 13:35,23816.15,23817.1,23805.4,23809.05,2453641.0
22-05-2026 13:40,23809.2,23813.7,23800.8,23801.25,2735053.0
22-05-2026 13:45,23801.2,23822.7,23800.5,23803.9,3838018.0
22-05-2026 13:50,23803.9,23811.35,23796.65,23798.0,2627085.0
22-05-2026 13:55,23796.8,23799.2,23782.5,23792.15,3805467.0
22-05-2026 14:00,23792.2,23795.6,23758.6,23761.75,3462927.0
22-05-2026 14:05,23761.75,23781.5,23744.8,23778.35,4427532.0
22-05-2026 14:10,23778.25,23781.6,23767.25,23778.2,4236678.0
22-05-2026 14:15,23778.25,23781.7,23761.35,23761.4,3370631.0
22-05-2026 14:20,23761.4,23766.5,23748.6,23760.0,3085789.0
22-05-2026 14:25,23759.85,23765.45,23739.1,23739.3,3666673.0
22-05-2026 14:30,23739.4,23752.5,23721.2,23745.25,4637085.0
22-05-2026 14:35,23745.1,23748.2,23720.65,23723.9,3755507.0
22-05-2026 14:40,23723.3,23731.4,23707.45,23709.05,4664144.0
22-05-2026 14:45,23709.45,23733.65,23706.9,23726.0,4678503.0
22-05-2026 14:50,23725.8,23728.7,23717.75,23720.3,5105229.0
22-05-2026 14:55,23720.15,23726.65,23714.55,23724.45,4689477.0
22-05-2026 15:00,23724.65,23727.6,23698.95,23710.95,10100438.0
22-05-2026 15:05,23710.9,23717.3,23704.7,23708.7,8816622.0
22-05-2026 15:10,23708.35,23719.9,23703.25,23718.15,8900924.0
22-05-2026 15:15,23718.2,23730.2,23718.2,23725.35,10641643.0
22-05-2026 15:20,23725.35,23742.1,23721.6,23740.7,11925498.0
22-05-2026 15:25,23741.75,23751.9,23732.15,23748.85,9807445.0
25-05-2026 09:15,23940.25,23984.35,23922.85,23967.6,20606561.0
25-05-2026 09:20,23968.75,23987.3,23958.4,23978.3,9444501.0
25-05-2026 09:25,23979.5,23989.1,23971.25,23981.6,9444871.0
25-05-2026 09:30,23981.95,23984.3,23953.65,23959.15,7758267.0
25-05-2026 09:35,23961.6,23961.7,23938.55,23940.0,7067051.0
25-05-2026 09:40,23943.2,23948.1,23927.75,23947.5,5570910.0
25-05-2026 09:45,23951.45,23951.45,23924.4,23937.85,5740138.0
25-05-2026 09:50,23938.2,23945.2,23928.15,23936.75,4422195.0
25-05-2026 09:55,23938.35,23940.5,23927.95,23937.15,4236059.0
25-05-2026 10:00,23938.75,23946.9,23933.45,23943.25,10662383.0
25-05-2026 10:05,23944.95,23952.8,23940.8,23952.3,4403913.0
25-05-2026 10:10,23954.35,23959.85,23945.2,23952.05,4124700.0
25-05-2026 10:15,23953.85,23977.9,23952.6,23970.6,3686480.0
25-05-2026 10:20,23972.6,23980.95,23965.55,23966.75,4428872.0
25-05-2026 10:25,23967.3,23967.95,23954.45,23958.55,2753206.0
25-05-2026 10:30,23960.9,23973.75,23959.2,23973.35,3641183.0
25-05-2026 10:35,23975.05,23989.25,23972.75,23985.55,4846476.0
25-05-2026 10:40,23986.75,23992.4,23980.9,23987.4,4783471.0
25-05-2026 10:45,23989.0,23995.9,23984.45,23987.25,4781431.0
25-05-2026 10:50,23988.5,23990.15,23976.9,23988.85,3829404.0
25-05-2026 10:55,23989.65,23990.55,23972.65,23978.15,4105389.0
25-05-2026 11:00,23979.55,23982.85,23970.65,23982.85,4923840.0
25-05-2026 11:05,23983.75,23985.95,23975.35,23979.8,3861711.0
25-05-2026 11:10,23980.4,23989.9,23975.1,23987.6,3490803.0
25-05-2026 11:15,23989.0,23989.0,23977.05,23979.3,3191668.0
25-05-2026 11:20,23980.55,23980.55,23971.1,23979.5,3429906.0
25-05-2026 11:25,23980.95,23981.9,23972.7,23977.15,3372635.0
25-05-2026 11:30,23978.45,23978.65,23959.9,23962.4,3238284.0
25-05-2026 11:35,23961.45,23981.4,23960.55,23981.1,3294214.0
25-05-2026 11:40,23981.7,23990.45,23976.7,23980.95,2444029.0
25-05-2026 11:45,23982.15,23987.05,23978.15,23980.65,3121965.0
25-05-2026 11:50,23982.85,23990.1,23979.6,23987.7,3250728.0
25-05-2026 11:55,23989.9,23992.7,23984.75,23986.6,4059602.0
25-05-2026 12:00,23988.15,23988.15,23964.5,23969.8,4321928.0
25-05-2026 12:05,23971.75,23976.4,23960.1,23963.05,4235478.0
25-05-2026 12:10,23964.5,23971.15,23961.65,23963.9,5941731.0
25-05-2026 12:15,23965.75,23968.65,23957.7,23967.9,3481818.0
25-05-2026 12:20,23968.7,23968.7,23958.35,23961.55,3371295.0
25-05-2026 12:25,23963.4,23968.25,23955.9,23956.5,3573251.0
25-05-2026 12:30,23957.85,23962.3,23952.6,23960.4,4473437.0
25-05-2026 12:35,23961.35,23967.05,23959.45,23960.35,3076178.0
25-05-2026 12:40,23960.8,23967.65,23955.4,23958.55,2980571.0
25-05-2026 12:45,23960.05,23960.6,23936.85,23941.85,2761170.0
25-05-2026 12:50,23943.9,23953.95,23935.6,23952.6,3188998.0
25-05-2026 12:55,23952.7,23954.85,23943.1,23954.4,3239569.0
25-05-2026 13:00,23955.55,23977.75,23947.3,23971.75,4564117.0
25-05-2026 13:05,23972.7,23982.3,23969.8,23978.15,3065653.0
25-05-2026 13:10,23979.75,23983.6,23976.45,23977.2,3272363.0
25-05-2026 13:15,23979.1,23983.25,23975.15,23982.6,3308154.0
25-05-2026 13:20,23983.35,23983.9,23977.2,23981.55,4404155.0
25-05-2026 13:25,23983.0,23986.25,23979.9,23984.1,3406758.0
25-05-2026 13:30,23986.55,23991.0,23980.5,23988.05,3675738.0
25-05-2026 13:35,23990.1,23990.1,23977.0,23980.6,2759666.0
25-05-2026 13:40,23981.55,23981.55,23963.8,23963.95,2714238.0
25-05-2026 13:45,23965.65,23975.25,23962.2,23971.35,2341985.0
25-05-2026 13:50,23973.25,23977.4,23970.6,23972.1,2826842.0
25-05-2026 13:55,23973.65,23974.55,23963.7,23965.35,2748702.0
25-05-2026 14:00,23966.95,23978.55,23962.5,23976.7,2861752.0
25-05-2026 14:05,23977.75,23977.75,23960.9,23962.65,2697259.0
25-05-2026 14:10,23964.7,23972.35,23956.7,23958.55,2800142.0
25-05-2026 14:15,23959.95,23965.55,23955.25,23958.0,3802147.0
25-05-2026 14:20,23960.65,23967.8,23959.0,23965.45,4896219.0
25-05-2026 14:25,23967.3,23982.85,23964.35,23978.15,3432662.0
25-05-2026 14:30,23979.0,23988.2,23976.45,23987.15,2930040.0
25-05-2026 14:35,23989.3,24001.55,23983.95,23996.0,3996681.0
25-05-2026 14:40,23997.35,24009.3,23992.1,24007.8,3602229.0
25-05-2026 14:45,24009.55,24029.65,24007.4,24019.15,4961266.0
25-05-2026 14:50,24020.85,24030.45,24018.7,24029.5,5351711.0
25-05-2026 14:55,24030.15,24036.8,24027.1,24035.0,4710519.0
25-05-2026 15:00,24035.75,24038.1,24025.25,24032.55,5667674.0
25-05-2026 15:05,24033.25,24034.25,24021.5,24026.0,5638741.0
25-05-2026 15:10,24026.0,24037.4,24024.25,24035.25,6879868.0
25-05-2026 15:15,24035.85,24037.15,24023.45,24025.55,7260116.0
25-05-2026 15:20,24025.2,24035.15,24021.1,24032.45,8735921.0
25-05-2026 15:25,24031.8,24054.45,24026.1,24049.9,9872864.0
26-05-2026 09:15,24004.1,24020.75,23965.7,24012.55,15674453.0
26-05-2026 09:20,24011.55,24026.45,24011.4,24020.6,8289732.0
26-05-2026 09:25,24020.95,24041.25,24013.75,24034.1,7501683.0
26-05-2026 09:30,24034.4,24041.55,24029.8,24030.2,7478700.0
26-05-2026 09:35,24030.3,24072.65,24018.95,24069.4,6555607.0
26-05-2026 09:40,24069.2,24077.2,24052.95,24062.3,4509263.0
26-05-2026 09:45,24062.4,24065.7,24050.6,24051.75,3820377.0
26-05-2026 09:50,24051.8,24057.5,24035.9,24035.9,3739234.0
26-05-2026 09:55,24034.2,24037.55,24014.55,24028.75,5369118.0
26-05-2026 10:00,24029.75,24054.4,24021.2,24048.75,4712957.0
26-05-2026 10:05,24049.25,24051.65,24032.9,24048.3,4267705.0
26-05-2026 10:10,24048.1,24064.1,24048.1,24063.0,5042165.0
26-05-2026 10:15,24063.05,24065.7,24050.45,24052.95,4901137.0
26-05-2026 10:20,24052.9,24072.65,24045.2,24071.8,5450059.0
26-05-2026 10:25,24072.0,24076.15,24069.45,24071.4,4634141.0
26-05-2026 10:30,24070.0,24079.25,24066.85,24078.3,3907540.0
26-05-2026 10:35,24078.65,24089.8,24077.25,24085.0,3376739.0
26-05-2026 10:40,24084.85,24086.05,24071.55,24073.15,3576814.0
26-05-2026 10:45,24073.95,24076.65,24067.65,24070.15,2383312.0
26-05-2026 10:50,24070.0,24082.65,24065.3,24078.1,3473628.0
26-05-2026 10:55,24077.45,24081.4,24071.35,24071.85,3358702.0
26-05-2026 11:00,24070.7,24082.65,24070.7,24075.75,3786433.0
26-05-2026 11:05,24075.35,24077.7,24065.45,24074.95,3565404.0
26-05-2026 11:10,24074.8,24078.85,24067.45,24069.3,2777941.0
26-05-2026 11:15,24068.85,24070.35,24055.05,24067.8,4478395.0
26-05-2026 11:20,24068.0,24070.75,24048.9,24050.6,3831096.0
26-05-2026 11:25,24050.7,24061.2,24044.8,24044.8,2908130.0
26-05-2026 11:30,24044.95,24049.35,24026.2,24047.35,3129300.0
26-05-2026 11:35,24047.45,24070.85,24047.45,24069.95,3428633.0
26-05-2026 11:40,24070.15,24071.9,24060.45,24063.15,2956720.0
26-05-2026 11:45,24062.35,24066.95,24052.25,24057.95,3252352.0
26-05-2026 11:50,24058.05,24060.9,24051.9,24055.4,2901938.0
26-05-2026 11:55,24055.95,24061.55,24032.6,24039.95,4112978.0
26-05-2026 12:00,24040.2,24043.1,24018.5,24037.0,4762742.0
26-05-2026 12:05,24037.15,24043.65,24028.05,24029.0,3720074.0
26-05-2026 12:10,24028.95,24033.85,24019.8,24022.1,5874406.0
26-05-2026 12:15,24022.3,24037.45,24019.0,24033.9,4169468.0
26-05-2026 12:20,24033.95,24040.8,24028.1,24029.1,3620396.0
26-05-2026 12:25,24029.05,24032.1,24017.45,24021.9,2806268.0
26-05-2026 12:30,24021.85,24036.4,24020.05,24022.75,3984745.0
26-05-2026 12:35,24021.9,24026.3,24013.55,24021.85,3410902.0
26-05-2026 12:40,24022.65,24025.35,24006.05,24010.15,4187343.0
26-05-2026 12:45,24010.0,24012.3,23985.3,23997.6,5450255.0
26-05-2026 12:50,23997.7,23999.95,23971.6,23997.5,6896939.0
26-05-2026 12:55,23997.0,24002.0,23987.7,23998.55,4736050.0
26-05-2026 13:00,23998.65,24001.95,23966.2,23971.25,4550446.0
26-05-2026 13:05,23971.3,23981.05,23968.2,23972.45,3294676.0
26-05-2026 13:10,23973.2,23984.8,23970.1,23974.35,2826246.0
26-05-2026 13:15,23974.9,23982.7,23958.55,23982.1,4804052.0
26-05-2026 13:20,23981.45,23988.15,23974.45,23976.1,4182931.0
26-05-2026 13:25,23974.75,23991.25,23971.6,23987.5,4518567.0
26-05-2026 13:30,23987.45,23999.25,23978.05,23982.45,3756446.0
26-05-2026 13:35,23982.05,23985.65,23972.2,23974.6,3294484.0
26-05-2026 13:40,23974.55,23980.85,23957.4,23958.5,3491470.0
26-05-2026 13:45,23957.2,23970.1,23954.95,23961.45,4050615.0
26-05-2026 13:50,23961.4,23963.0,23939.15,23949.6,4886272.0
26-05-2026 13:55,23949.8,23953.15,23934.1,23937.2,3023795.0
26-05-2026 14:00,23937.35,23938.85,23911.15,23917.1,4461250.0
26-05-2026 14:05,23916.5,23940.1,23911.4,23925.9,4520209.0
26-05-2026 14:10,23926.45,23927.55,23909.8,23924.2,6369557.0
26-05-2026 14:15,23924.25,23927.7,23914.45,23924.45,4296467.0
26-05-2026 14:20,23925.15,23937.35,23921.15,23934.65,4049732.0
26-05-2026 14:25,23934.45,23940.7,23907.1,23922.6,5401671.0
26-05-2026 14:30,23923.0,23934.0,23918.3,23924.2,5387918.0
26-05-2026 14:35,23924.0,23927.65,23898.35,23904.75,6001126.0
26-05-2026 14:40,23904.7,23907.2,23895.3,23898.2,4920496.0
26-05-2026 14:45,23898.1,23903.0,23893.2,23896.2,4039905.0
26-05-2026 14:50,23895.9,23899.05,23885.45,23889.45,4430893.0
26-05-2026 14:55,23888.95,23918.75,23887.85,23913.05,5091516.0
26-05-2026 15:00,23913.5,23923.25,23896.4,23909.75,11434627.0
26-05-2026 15:05,23907.6,23931.05,23897.1,23928.65,15281137.0
26-05-2026 15:10,23925.75,23929.65,23903.6,23908.8,10983629.0
26-05-2026 15:15,23907.7,23917.2,23907.15,23911.05,11007266.0
26-05-2026 15:20,23911.7,23920.1,23910.4,23918.0,11604631.0
26-05-2026 15:25,23917.3,23940.05,23913.6,23933.75,13067096.0
27-05-2026 09:15,23880.35,23937.8,23869.65,23926.35,29888268.0
27-05-2026 09:20,23926.0,23950.15,23920.5,23932.75,15753631.0
27-05-2026 09:25,23933.7,23934.45,23896.45,23903.95,10603990.0
27-05-2026 09:30,23899.9,23901.55,23869.75,23883.1,8442573.0
27-05-2026 09:35,23883.9,23896.8,23874.95,23885.25,9006957.0
27-05-2026 09:40,23886.25,23919.05,23884.85,23908.6,7878341.0
27-05-2026 09:45,23909.65,23909.65,23871.3,23890.45,9414517.0
27-05-2026 09:50,23891.8,23895.65,23878.85,23883.9,6575835.0
27-05-2026 09:55,23885.8,23894.45,23873.9,23874.75,7124415.0
27-05-2026 10:00,23875.45,23912.95,23868.5,23912.95,8788590.0
27-05-2026 10:05,23912.1,23941.05,23908.05,23933.85,7872082.0
27-05-2026 10:10,23933.55,23946.4,23927.35,23943.25,6084776.0
27-05-2026 10:15,23942.8,23955.6,23934.7,23951.95,6471804.0
27-05-2026 10:20,23953.1,23959.05,23942.45,23953.0,7757736.0
27-05-2026 10:25,23953.65,23971.0,23952.95,23963.4,9054805.0
27-05-2026 10:30,23964.8,23965.05,23947.45,23958.05,8252670.0
27-05-2026 10:35,23959.05,23971.05,23952.15,23953.85,5748340.0
27-05-2026 10:40,23956.0,23959.5,23934.45,23935.95,4213584.0
27-05-2026 10:45,23936.2,23942.4,23918.9,23942.2,5110661.0
27-05-2026 10:50,23941.75,23967.7,23937.7,23966.95,4841215.0
27-05-2026 10:55,23968.0,23976.4,23958.95,23966.95,4692390.0
27-05-2026 11:00,23968.25,23968.25,23950.7,23954.4,3544203.0
27-05-2026 11:05,23954.85,23973.2,23952.35,23965.6,4384680.0
27-05-2026 11:10,23966.5,23968.55,23955.05,23961.9,4067509.0
27-05-2026 11:15,23962.2,23976.4,23959.0,23972.5,3856692.0
27-05-2026 11:20,23972.45,23981.25,23970.2,23973.6,3739513.0
27-05-2026 11:25,23973.5,23977.35,23967.0,23974.9,3635660.0
27-05-2026 11:30,23974.65,23983.2,23969.35,23970.3,5954877.0
27-05-2026 11:35,23970.55,23972.3,23947.0,23949.8,4324467.0
27-05-2026 11:40,23950.2,23967.65,23950.15,23953.5,3471976.0
27-05-2026 11:45,23954.3,23963.6,23945.95,23947.15,4751612.0
27-05-2026 11:50,23947.3,23951.1,23937.05,23939.0,3377060.0
27-05-2026 11:55,23939.2,23950.25,23928.75,23933.5,3777422.0
27-05-2026 12:00,23933.5,23941.75,23918.35,23928.05,4068501.0
27-05-2026 12:05,23928.5,23933.3,23919.85,23929.95,3882459.0
27-05-2026 12:10,23929.55,23934.25,23920.25,23922.55,3498004.0
27-05-2026 12:15,23921.95,23939.0,23921.85,23936.85,4950479.0
27-05-2026 12:20,23936.7,23940.85,23928.95,23932.15,3501282.0
27-05-2026 12:25,23931.65,23935.0,23905.15,23906.45,4282685.0
27-05-2026 12:30,23906.3,23918.1,23902.45,23914.45,3771956.0
27-05-2026 12:35,23914.35,23938.0,23911.65,23929.2,3546339.0
27-05-2026 12:40,23929.8,23938.3,23925.95,23936.1,2947590.0
27-05-2026 12:45,23935.75,23936.35,23925.25,23930.75,2624971.0
27-05-2026 12:50,23930.5,23931.75,23911.75,23911.75,2927157.0
27-05-2026 12:55,23912.5,23920.3,23904.05,23905.25,3238552.0
27-05-2026 13:00,23905.6,23916.3,23895.0,23914.35,3706192.0
27-05-2026 13:05,23913.9,23923.45,23902.7,23902.85,4388164.0
27-05-2026 13:10,23902.2,23918.6,23895.55,23897.15,7008456.0
27-05-2026 13:15,23898.3,23898.7,23888.4,23888.4,3364041.0
27-05-2026 13:20,23888.4,23900.5,23884.15,23899.25,3064482.0
27-05-2026 13:25,23899.75,23905.3,23888.3,23892.05,4511000.0
27-05-2026 13:30,23891.45,23902.35,23890.95,23900.4,6032766.0
27-05-2026 13:35,23900.45,23913.3,23899.55,23910.4,4347876.0
27-05-2026 13:40,23910.55,23915.15,23890.15,23891.25,6843720.0
27-05-2026 13:45,23889.95,23901.15,23882.05,23893.15,4454689.0
27-05-2026 13:50,23893.2,23913.35,23890.05,23911.3,2879348.0
27-05-2026 13:55,23911.35,23916.35,23906.95,23912.5,3249697.0
27-05-2026 14:00,23912.3,23924.1,23911.75,23917.9,5190946.0
27-05-2026 14:05,23917.7,23922.35,23912.95,23914.3,8298544.0
27-05-2026 14:10,23913.75,23915.5,23894.45,23896.0,5387428.0
27-05-2026 14:15,23895.95,23908.05,23891.85,23902.25,6056084.0
27-05-2026 14:20,23901.15,23922.25,23899.0,23920.25,6263190.0
27-05-2026 14:25,23920.4,23921.2,23884.5,23890.35,7737020.0
27-05-2026 14:30,23890.25,23890.25,23870.7,23873.95,5520288.0
27-05-2026 14:35,23873.65,23886.5,23858.25,23881.75,8947158.0
27-05-2026 14:40,23881.4,23887.3,23868.8,23875.05,12141142.0
27-05-2026 14:45,23875.4,23879.6,23866.95,23878.9,9656585.0
27-05-2026 14:50,23879.05,23886.0,23870.4,23881.35,11932118.0
27-05-2026 14:55,23882.15,23901.05,23881.15,23896.55,8662100.0
27-05-2026 15:00,23896.75,23897.4,23879.15,23888.2,13268747.0
27-05-2026 15:05,23888.4,23901.8,23880.7,23900.45,12584050.0
27-05-2026 15:10,23900.6,23906.45,23892.1,23902.8,14200615.0
27-05-2026 15:15,23903.8,23926.85,23902.5,23919.85,18537816.0
27-05-2026 15:20,23920.25,23926.6,23914.3,23916.4,16764726.0
27-05-2026 15:25,23916.25,23926.7,23914.55,23921.6,19593492.0
27-05-2026 15:30,23920.65,23920.65,23920.65,23920.65,2820528.0
29-05-2026 09:15,23902.15,24002.8,23902.0,23963.3,56598343.0
29-05-2026 09:20,23962.05,23976.15,23932.4,23933.1,18764028.0
29-05-2026 09:25,23932.3,23938.35,23889.15,23893.4,21592418.0
29-05-2026 09:30,23892.2,23915.55,23885.4,23898.1,17329090.0
29-05-2026 09:35,23898.65,23933.85,23898.3,23922.65,15645475.0
29-05-2026 09:40,23923.4,23933.0,23872.6,23875.75,10629465.0
29-05-2026 09:45,23875.8,23913.6,23871.1,23912.0,8187722.0
29-05-2026 09:50,23911.2,23922.8,23903.05,23904.05,6880007.0
29-05-2026 09:55,23903.85,23907.7,23887.4,23907.45,7488167.0
29-05-2026 10:00,23907.45,23931.35,23894.75,23928.45,6611719.0
29-05-2026 10:05,23928.2,23954.5,23928.1,23943.2,5325776.0
29-05-2026 10:10,23942.5,23950.15,23933.4,23945.7,6888940.0
29-05-2026 10:15,23946.1,23951.9,23931.45,23933.95,5918949.0
29-05-2026 10:20,23934.4,23947.35,23929.6,23936.9,6594312.0
29-05-2026 10:25,23936.95,23941.55,23908.95,23911.65,4698166.0
29-05-2026 10:30,23911.2,23920.65,23902.4,23918.95,4918477.0
29-05-2026 10:35,23918.65,23929.65,23916.4,23916.55,4315406.0
29-05-2026 10:40,23915.2,23921.0,23900.45,23900.65,5311188.0
29-05-2026 10:45,23900.9,23901.25,23889.35,23896.2,5496707.0
29-05-2026 10:50,23896.0,23896.35,23877.65,23883.4,4197265.0
29-05-2026 10:55,23884.45,23907.8,23879.65,23903.1,4601627.0
29-05-2026 11:00,23902.8,23911.2,23898.7,23908.85,3695318.0
29-05-2026 11:05,23908.85,23911.55,23904.75,23908.3,4263224.0
29-05-2026 11:10,23907.9,23912.7,23892.75,23896.85,3582908.0
29-05-2026 11:15,23897.2,23910.15,23895.25,23903.9,4071934.0
29-05-2026 11:20,23903.55,23905.2,23895.25,23902.95,3443136.0
29-05-2026 11:25,23902.95,23903.55,23888.95,23889.55,3697402.0
29-05-2026 11:30,23889.2,23893.55,23875.45,23876.8,4360284.0
29-05-2026 11:35,23877.3,23894.5,23875.35,23886.75,5903390.0
29-05-2026 11:40,23886.05,23888.9,23876.2,23885.9,4265013.0
29-05-2026 11:45,23885.55,23897.0,23883.35,23892.95,4292414.0
29-05-2026 11:50,23892.55,23914.0,23891.85,23907.8,5112357.0
29-05-2026 11:55,23908.0,23908.15,23888.05,23890.8,4383000.0
29-05-2026 12:00,23890.3,23891.65,23865.2,23870.5,3340152.0
29-05-2026 12:05,23870.3,23874.55,23865.85,23867.4,2960177.0
29-05-2026 12:10,23866.85,23867.1,23825.35,23835.7,4745512.0
29-05-2026 12:15,23835.95,23841.15,23815.1,23839.0,4184038.0
29-05-2026 12:20,23838.55,23850.5,23833.15,23849.1,3527824.0
29-05-2026 12:25,23849.1,23857.75,23848.1,23855.8,3292792.0
29-05-2026 12:30,23856.2,23858.2,23844.9,23845.6,3889906.0
29-05-2026 12:35,23846.15,23859.05,23840.95,23856.85,3716460.0
29-05-2026 12:40,23856.25,23857.5,23846.3,23849.9,3083051.0
29-05-2026 12:45,23849.85,23855.25,23844.5,23851.2,3181967.0
29-05-2026 12:50,23850.7,23851.9,23837.5,23838.55,3166717.0
29-05-2026 12:55,23837.35,23839.45,23821.95,23837.55,4564721.0
29-05-2026 13:00,23837.05,23838.3,23817.45,23818.25,4674831.0
29-05-2026 13:05,23818.35,23818.4,23798.4,23798.4,4062912.0
29-05-2026 13:10,23798.45,23802.8,23769.15,23769.25,7093234.0
29-05-2026 13:15,23769.65,23789.5,23759.55,23780.7,5742593.0
29-05-2026 13:20,23780.45,23782.65,23760.8,23772.5,5623481.0
29-05-2026 13:25,23772.6,23781.05,23765.5,23775.6,4847981.0
29-05-2026 13:30,23775.35,23786.05,23771.9,23772.75,5158571.0
29-05-2026 13:35,23773.05,23779.4,23765.95,23769.4,4239268.0
29-05-2026 13:40,23769.35,23780.3,23767.2,23773.4,5705300.0
29-05-2026 13:45,23773.15,23775.1,23751.65,23754.1,5202047.0
29-05-2026 13:50,23753.9,23762.95,23739.7,23746.05,4662039.0
29-05-2026 13:55,23746.35,23765.35,23743.55,23757.65,3598646.0
29-05-2026 14:00,23758.05,23759.5,23742.5,23747.15,3479952.0
29-05-2026 14:05,23747.5,23751.9,23731.25,23744.2,4886791.0
29-05-2026 14:10,23744.6,23751.4,23742.0,23744.45,3585152.0
29-05-2026 14:15,23743.8,23747.85,23734.55,23736.8,4655203.0
29-05-2026 14:20,23736.0,23753.2,23731.55,23749.35,4390917.0
29-05-2026 14:25,23749.15,23762.25,23742.8,23760.1,4264667.0
29-05-2026 14:30,23759.55,23802.05,23759.55,23792.55,4676089.0
29-05-2026 14:35,23792.65,23800.05,23782.3,23789.6,4707565.0
29-05-2026 14:40,23789.25,23795.05,23781.2,23786.1,5210658.0
29-05-2026 14:45,23786.75,23795.3,23778.05,23785.45,6068668.0
29-05-2026 14:50,23785.75,23787.9,23768.3,23776.6,7503303.0
29-05-2026 14:55,23775.65,23787.25,23752.25,23773.35,7574986.0
29-05-2026 15:00,23773.3,23773.3,23566.1,23569.4,147630527.0
29-05-2026 15:05,23570.6,23571.15,23511.05,23512.75,130196636.0
29-05-2026 15:10,23512.85,23529.35,23505.6,23528.7,128011933.0
29-05-2026 15:15,23527.2,23560.8,23525.4,23538.35,121665919.0
29-05-2026 15:20,23539.7,23540.8,23486.85,23490.5,117816561.0
29-05-2026 15:25,23490.8,23618.0,23484.75,23609.3,95219492.0
01-06-2026 09:15,23654.5,23733.7,23614.5,23633.0,20440914.0
01-06-2026 09:20,23633.4,23646.05,23588.55,23598.9,9773278.0
01-06-2026 09:25,23597.95,23612.4,23587.75,23592.95,7200833.0
01-06-2026 09:30,23591.95,23618.7,23587.7,23609.6,8410800.0
01-06-2026 09:35,23609.7,23611.1,23565.8,23608.75,7899746.0
01-06-2026 09:40,23608.4,23623.8,23572.35,23576.7,6666459.0
01-06-2026 09:45,23575.35,23594.5,23567.45,23580.2,6071428.0
01-06-2026 09:50,23579.1,23595.4,23572.05,23585.55,6367363.0
01-06-2026 09:55,23584.95,23588.8,23556.75,23561.8,4920399.0
01-06-2026 10:00,23561.05,23567.55,23537.0,23538.7,5737392.0
01-06-2026 10:05,23539.35,23569.95,23537.95,23569.85,4254691.0
01-06-2026 10:10,23569.25,23572.35,23553.15,23553.15,3842593.0
01-06-2026 10:15,23552.7,23564.1,23539.05,23558.65,3702065.0
01-06-2026 10:20,23558.15,23566.4,23548.95,23549.6,4998507.0
01-06-2026 10:25,23549.15,23561.15,23536.8,23539.85,4063401.0
01-06-2026 10:30,23539.35,23550.2,23517.7,23530.0,3863874.0
01-06-2026 10:35,23529.2,23553.95,23518.75,23543.05,3245005.0
01-06-2026 10:40,23542.3,23555.15,23535.75,23538.25,6536983.0
01-06-2026 10:45,23538.2,23578.6,23537.0,23570.7,4540412.0
01-06-2026 10:50,23570.2,23593.85,23564.75,23593.65,3850647.0
01-06-2026 10:55,23592.45,23597.2,23567.65,23569.75,3663711.0
01-06-2026 11:00,23569.95,23596.2,23569.95,23593.25,3216786.0
01-06-2026 11:05,23592.2,23613.4,23586.15,23610.05,2895251.0
01-06-2026 11:10,23609.45,23615.5,23601.15,23606.2,5734912.0
01-06-2026 11:15,23605.4,23619.25,23597.45,23607.9,3454684.0
01-06-2026 11:20,23607.05,23607.6,23580.85,23581.05,2822698.0
01-06-2026 11:25,23580.3,23584.0,23558.45,23559.15,3944497.0
01-06-2026 11:30,23558.6,23561.85,23539.0,23545.0,5639877.0
01-06-2026 11:35,23544.85,23570.1,23542.85,23567.5,4389961.0
01-06-2026 11:40,23567.3,23568.75,23548.9,23550.0,3023639.0
01-06-2026 11:45,23549.75,23555.8,23534.7,23554.35,3042672.0
01-06-2026 11:50,23553.4,23562.2,23548.7,23554.75,2716685.0
01-06-2026 11:55,23554.8,23555.2,23491.85,23493.75,4085045.0
01-06-2026 12:00,23493.65,23504.9,23486.0,23499.25,5407573.0
01-06-2026 12:05,23498.3,23520.25,23498.3,23506.05,4389458.0
01-06-2026 12:10,23506.9,23533.35,23499.75,23530.0,4334539.0
01-06-2026 12:15,23529.35,23533.15,23514.65,23528.75,3409647.0
01-06-2026 12:20,23527.85,23530.85,23510.65,23518.85,3483037.0
01-06-2026 12:25,23518.1,23525.4,23514.45,23516.95,3014371.0
01-06-2026 12:30,23516.4,23522.7,23509.1,23513.4,2677039.0
01-06-2026 12:35,23512.95,23526.0,23511.1,23514.65,2679656.0
01-06-2026 12:40,23514.35,23515.9,23502.95,23515.85,2740310.0
01-06-2026 12:45,23515.05,23536.95,23514.05,23532.8,2474123.0
01-06-2026 12:50,23532.3,23535.85,23522.05,23528.2,2930498.0
01-06-2026 12:55,23528.0,23531.45,23499.25,23513.45,3005378.0
01-06-2026 13:00,23513.05,23520.75,23491.8,23496.5,3691201.0
01-06-2026 13:05,23495.7,23501.4,23473.5,23478.65,3454377.0
01-06-2026 13:10,23477.35,23479.05,23453.25,23460.65,4119694.0
01-06-2026 13:15,23459.95,23478.35,23458.15,23474.25,2514412.0
01-06-2026 13:20,23473.05,23479.1,23467.6,23469.0,2821383.0
01-06-2026 13:25,23469.0,23486.45,23464.2,23483.5,2490902.0
01-06-2026 13:30,23482.3,23500.4,23476.0,23485.7,3085399.0
01-06-2026 13:35,23484.95,23492.3,23475.2,23488.15,3577967.0
01-06-2026 13:40,23487.35,23491.1,23477.25,23482.95,2840912.0
01-06-2026 13:45,23481.85,23483.55,23457.6,23462.1,2999037.0
01-06-2026 13:50,23461.95,23465.4,23447.7,23452.95,3723196.0
01-06-2026 13:55,23452.65,23464.2,23450.5,23456.1,2802510.0
01-06-2026 14:00,23456.35,23459.6,23429.05,23442.65,3773234.0
01-06-2026 14:05,23442.9,23445.25,23423.5,23425.05,3308341.0
01-06-2026 14:10,23425.55,23434.2,23413.0,23416.95,3343545.0
01-06-2026 14:15,23417.05,23428.3,23401.55,23425.1,4221546.0
01-06-2026 14:20,23422.55,23422.85,23390.75,23393.05,3823113.0
01-06-2026 14:25,23392.4,23407.25,23389.6,23395.0,3805736.0
01-06-2026 14:30,23394.1,23406.05,23379.95,23394.6,4118373.0
01-06-2026 14:35,23394.75,23421.85,23394.75,23419.95,4249716.0
01-06-2026 14:40,23419.75,23422.65,23411.6,23417.3,3759264.0
01-06-2026 14:45,23416.75,23427.35,23392.95,23403.45,5380084.0
01-06-2026 14:50,23403.95,23405.35,23371.6,23381.35,4705111.0
01-06-2026 14:55,23381.3,23383.4,23360.15,23373.7,5782358.0
01-06-2026 15:00,23373.95,23393.15,23357.95,23391.65,21477587.0
01-06-2026 15:05,23392.5,23410.9,23376.4,23404.35,19722225.0
01-06-2026 15:10,23406.05,23412.1,23388.05,23389.25,17893235.0
01-06-2026 15:15,23389.4,23402.8,23375.6,23376.85,17666606.0
01-06-2026 15:20,23378.2,23382.15,23362.8,23370.9,18697901.0
01-06-2026 15:25,23371.3,23389.2,23365.75,23379.2,18500884.0
